{"content":[{"id":"7c166b24","settings":{"background_background":"classic","background_image":{"url":"https:\/\/demo.bosathemes.com\/bosa\/charity-02\/wp-content\/uploads\/sites\/43\/2021\/04\/bosa-charity-img1.jpg","id":54},"background_position":"center center","background_repeat":"no-repeat","background_size":"cover","background_overlay_background":"classic","background_overlay_color":"#000000","background_overlay_opacity":{"unit":"px","size":0.59999999999999997779553950749686919152736663818359375,"sizes":[]},"padding":{"unit":"px","top":"100","right":"0","bottom":"100","left":"0","isLinked":false},"padding_tablet":{"unit":"px","top":"80","right":"0","bottom":"80","left":"0","isLinked":false},"padding_mobile":{"unit":"px","top":"60","right":"0","bottom":"70","left":"0","isLinked":false}},"elements":[{"id":"3c02b1d9","settings":{"_column_size":100,"_inline_size":null},"elements":[{"id":"677f6985","settings":{"title":"About us","align":"center","title_color":"#FFFFFF","typography_typography":"custom","typography_font_family":"Playfair Display","typography_font_size":{"unit":"px","size":55,"sizes":[]},"typography_font_weight":"900","typography_text_transform":"capitalize","typography_line_height":{"unit":"em","size":1.1999999999999999555910790149937383830547332763671875,"sizes":[]},"typography_font_size_tablet":{"unit":"px","size":45,"sizes":[]},"typography_font_size_mobile":{"unit":"px","size":36,"sizes":[]}},"elements":[],"isInner":false,"widgetType":"heading","elType":"widget"}],"isInner":false,"elType":"column"}],"isInner":false,"elType":"section"},{"id":"6b2fdd8b","settings":{"padding":{"unit":"px","top":"100","right":"0","bottom":"80","left":"0","isLinked":false},"padding_tablet":{"unit":"px","top":"80","right":"0","bottom":"20","left":"0","isLinked":false},"padding_mobile":{"unit":"px","top":"60","right":"0","bottom":"30","left":"0","isLinked":false}},"elements":[{"id":"1847eff4","settings":{"_column_size":100,"_inline_size":null},"elements":[{"id":"47f2c714","settings":{"structure":"20"},"elements":[{"id":"7c671027","settings":{"_column_size":50,"_inline_size":null,"_inline_size_tablet":100},"elements":[{"id":"46430540","settings":{"title":"","subtitle":"We Work in More Than 7k Countries To Strengthen eqaulity","alignment":"right","title_typography_font_family":"Poppins","title_typography_font_size":{"unit":"px","size":16,"sizes":[]},"title_typography_text_transform":"uppercase","title_typography_line_height":{"unit":"px","size":"","sizes":[]},"title_color_color":"#FFA026","subtitle_typography_font_family":"Playfair Display","subtitle_typography_font_size":{"unit":"px","size":46,"sizes":[]},"subtitle_typography_font_weight":"900","subtitle_typography_text_transform":"capitalize","subtitle_typography_line_height":{"unit":"em","size":1.1999999999999999555910790149937383830547332763671875,"sizes":[]},"subtitle_color_color":"#25283A","subtitle_typography_font_size_tablet":{"unit":"px","size":35,"sizes":[]},"subtitle_typography_font_size_mobile":{"unit":"px","size":28,"sizes":[]},"alignment_tablet":"left"},"elements":[],"isInner":false,"widgetType":"sina_title","elType":"widget"}],"isInner":true,"elType":"column"},{"id":"14983e61","settings":{"_column_size":50,"_inline_size":null,"_inline_size_tablet":100},"elements":[{"id":"56241677","settings":{"editor":"<p>Aorem ipsum dolor sit amet, consect teturi elit, sed do eiusmod tempor i cididunt ut e span laboris et dolore ma igna aliqua. Ut enim ad minim, qu is nostrud ulla emco laboris nisi ut aliquip ex.<\/p><p>Vel nibh at velit scelerisque suscipit Lorem ipsum dolor sit amet, consect etuer adipiscing elit Cdui Duis vel nibh at velit scelerisque suscipit.<\/p>","align":"left","text_color":"#383838","typography_typography":"custom","typography_font_family":"Poppins","typography_font_size":{"unit":"px","size":15,"sizes":[]},"typography_font_weight":"400","_margin":{"unit":"px","top":"0","right":"0","bottom":"0","left":"20","isLinked":false},"_margin_tablet":{"unit":"px","top":"0","right":"0","bottom":"0","left":"0","isLinked":false}},"elements":[],"isInner":false,"widgetType":"text-editor","elType":"widget"}],"isInner":true,"elType":"column"}],"isInner":true,"elType":"section"},{"id":"36417dcb","settings":{"structure":"50"},"elements":[{"id":"329e21c8","settings":{"_column_size":20,"_inline_size":null,"_inline_size_tablet":25,"background_background":"classic","background_color":"#F1F7F3","border_radius":{"unit":"px","top":"10","right":"10","bottom":"10","left":"10","isLinked":true},"margin":{"unit":"px","top":"10","right":"10","bottom":"10","left":"10","isLinked":true},"padding":{"unit":"px","top":"25","right":"10","bottom":"10","left":"10","isLinked":false}},"elements":[{"id":"5b973087","settings":{"selected_icon":{"value":"fas fa-hands-helping","library":"fa-solid"},"view":"framed","title_text":"no poverty","description_text":"","primary_color":"#FFA026","icon_size":{"unit":"px","size":35,"sizes":[]},"border_width":{"unit":"px","top":"1","right":"1","bottom":"1","left":"1","isLinked":true},"title_color":"#25283A","title_typography_typography":"custom","title_typography_font_family":"Playfair Display","title_typography_font_size":{"unit":"px","size":20,"sizes":[]},"title_typography_font_weight":"700","title_typography_text_transform":"capitalize"},"elements":[],"isInner":false,"widgetType":"icon-box","elType":"widget"}],"isInner":true,"elType":"column"},{"id":"6cce887e","settings":{"_column_size":20,"_inline_size":null,"_inline_size_tablet":25,"background_background":"classic","background_color":"#F1F7F3","border_radius":{"unit":"px","top":"10","right":"10","bottom":"10","left":"10","isLinked":true},"margin":{"unit":"px","top":"10","right":"10","bottom":"10","left":"10","isLinked":true},"padding":{"unit":"px","top":"25","right":"10","bottom":"10","left":"10","isLinked":false}},"elements":[{"id":"6baa16a6","settings":{"selected_icon":{"value":"fas fa-book-reader","library":"fa-solid"},"view":"framed","title_text":"best education","description_text":"","primary_color":"#FFA026","icon_size":{"unit":"px","size":35,"sizes":[]},"border_width":{"unit":"px","top":"1","right":"1","bottom":"1","left":"1","isLinked":true},"title_color":"#25283A","title_typography_typography":"custom","title_typography_font_family":"Playfair Display","title_typography_font_size":{"unit":"px","size":20,"sizes":[]},"title_typography_font_weight":"700","title_typography_text_transform":"capitalize"},"elements":[],"isInner":false,"widgetType":"icon-box","elType":"widget"}],"isInner":true,"elType":"column"},{"id":"6ae4f93","settings":{"_column_size":20,"_inline_size":null,"_inline_size_tablet":25,"background_background":"classic","background_color":"#F1F7F3","border_radius":{"unit":"px","top":"10","right":"10","bottom":"10","left":"10","isLinked":true},"margin":{"unit":"px","top":"10","right":"10","bottom":"10","left":"10","isLinked":true},"padding":{"unit":"px","top":"25","right":"10","bottom":"10","left":"10","isLinked":false}},"elements":[{"id":"703bcc9a","settings":{"selected_icon":{"value":"fas fa-fill-drip","library":"fa-solid"},"view":"framed","title_text":"clean water","description_text":"","primary_color":"#FFA026","icon_size":{"unit":"px","size":35,"sizes":[]},"border_width":{"unit":"px","top":"1","right":"1","bottom":"1","left":"1","isLinked":true},"title_color":"#25283A","title_typography_typography":"custom","title_typography_font_family":"Playfair Display","title_typography_font_size":{"unit":"px","size":20,"sizes":[]},"title_typography_font_weight":"700","title_typography_text_transform":"capitalize"},"elements":[],"isInner":false,"widgetType":"icon-box","elType":"widget"}],"isInner":true,"elType":"column"},{"id":"427f6afe","settings":{"_column_size":20,"_inline_size":null,"_inline_size_tablet":25,"background_background":"classic","background_color":"#F1F7F3","border_radius":{"unit":"px","top":"10","right":"10","bottom":"10","left":"10","isLinked":true},"margin":{"unit":"px","top":"10","right":"10","bottom":"10","left":"10","isLinked":true},"padding":{"unit":"px","top":"25","right":"10","bottom":"10","left":"10","isLinked":false}},"elements":[{"id":"643758f2","settings":{"selected_icon":{"value":"far fa-heart","library":"fa-regular"},"view":"framed","title_text":"good health","description_text":"","primary_color":"#FFA026","icon_size":{"unit":"px","size":35,"sizes":[]},"border_width":{"unit":"px","top":"1","right":"1","bottom":"1","left":"1","isLinked":true},"title_color":"#25283A","title_typography_typography":"custom","title_typography_font_family":"Playfair Display","title_typography_font_size":{"unit":"px","size":20,"sizes":[]},"title_typography_font_weight":"700","title_typography_text_transform":"capitalize"},"elements":[],"isInner":false,"widgetType":"icon-box","elType":"widget"}],"isInner":true,"elType":"column"},{"id":"79fc97b6","settings":{"_column_size":20,"_inline_size":null,"_inline_size_tablet":25,"background_background":"classic","background_color":"#F1F7F3","border_radius":{"unit":"px","top":"10","right":"10","bottom":"10","left":"10","isLinked":true},"margin":{"unit":"px","top":"10","right":"10","bottom":"10","left":"10","isLinked":true},"padding":{"unit":"px","top":"25","right":"10","bottom":"10","left":"10","isLinked":false}},"elements":[{"id":"3a0eb04b","settings":{"selected_icon":{"value":"fas fa-hamburger","library":"fa-solid"},"view":"framed","title_text":"nutrition","description_text":"","primary_color":"#FFA026","icon_size":{"unit":"px","size":35,"sizes":[]},"border_width":{"unit":"px","top":"1","right":"1","bottom":"1","left":"1","isLinked":true},"title_color":"#25283A","title_typography_typography":"custom","title_typography_font_family":"Playfair Display","title_typography_font_size":{"unit":"px","size":20,"sizes":[]},"title_typography_font_weight":"700","title_typography_text_transform":"capitalize"},"elements":[],"isInner":false,"widgetType":"icon-box","elType":"widget"}],"isInner":true,"elType":"column"}],"isInner":true,"elType":"section"},{"id":"626bda71","settings":{"structure":"20","padding":{"unit":"px","top":"50","right":"0","bottom":"0","left":"0","isLinked":false}},"elements":[{"id":"6b9d36dd","settings":{"_column_size":50,"_inline_size":35,"_inline_size_tablet":100,"background_background":"classic","background_color":"#FFA026","border_radius":{"unit":"px","top":"10","right":"10","bottom":"10","left":"10","isLinked":true},"margin":{"unit":"px","top":"0","right":"0","bottom":"50","left":"0","isLinked":false},"padding":{"unit":"px","top":"10","right":"10","bottom":"10","left":"10","isLinked":true},"z_index":1},"elements":[{"id":"3ad1f743","settings":{"title":"","subtitle":"help is our main goal!","alignment":"left","title_typography_font_family":"Poppins","title_typography_font_size":{"unit":"px","size":16,"sizes":[]},"title_typography_text_transform":"uppercase","title_typography_line_height":{"unit":"px","size":"","sizes":[]},"title_color_color":"#FFA026","subtitle_typography_font_family":"Playfair Display","subtitle_typography_font_size":{"unit":"px","size":34,"sizes":[]},"subtitle_typography_font_weight":"900","subtitle_typography_text_transform":"capitalize","subtitle_typography_line_height":{"unit":"em","size":1.1999999999999999555910790149937383830547332763671875,"sizes":[]},"subtitle_color_color":"#25283A","subtitle_typography_font_size_tablet":{"unit":"px","size":35,"sizes":[]},"subtitle_typography_font_size_mobile":{"unit":"px","size":28,"sizes":[]},"desc":"Mollitia enim! Nisi rerum sagittis lectus delectus incidunt gravida quidem, esse, similique, laudantium bibendum irure, torquent incidunt! Repellat. Urna? Sit sociosqu aperiam asperiores, modi, itaque netus malesuada fringilla iusto ab ullamco voluptates mattis magnis omnis.","subtitle_margin":{"unit":"px","top":"0","right":"0","bottom":"20","left":"0","isLinked":false},"desc_typography_font_family":"Poppins","desc_typography_font_size":{"unit":"px","size":15,"sizes":[]},"desc_typography_font_weight":"300","desc_typography_line_height":{"unit":"px","size":"","sizes":[]},"_padding":{"unit":"px","top":"70","right":"30","bottom":"70","left":"30","isLinked":false},"_border_border":"solid","_border_width":{"unit":"px","top":"3","right":"3","bottom":"3","left":"3","isLinked":true},"_border_color":"#ECEBEBA1","_border_radius":{"unit":"px","top":"10","right":"10","bottom":"10","left":"10","isLinked":true}},"elements":[],"isInner":false,"widgetType":"sina_title","elType":"widget"}],"isInner":true,"elType":"column"},{"id":"48823b56","settings":{"_column_size":50,"_inline_size":65,"_inline_size_tablet":100,"content_position":"center","background_background":"classic","background_image":{"url":"https:\/\/demo.bosathemes.com\/bosa\/charity-02\/wp-content\/uploads\/sites\/43\/2021\/04\/bosa-charity-img3.jpg","id":52},"border_radius":{"unit":"px","top":"15","right":"15","bottom":"15","left":"15","isLinked":true},"margin":{"unit":"px","top":"50","right":"0","bottom":"0","left":"-50","isLinked":false},"margin_tablet":{"unit":"px","top":"-100","right":"50","bottom":"0","left":"50","isLinked":false},"margin_mobile":{"unit":"px","top":"-100","right":"10","bottom":"0","left":"10","isLinked":false},"padding_tablet":{"unit":"px","top":"200","right":"0","bottom":"200","left":"0","isLinked":false}},"elements":[{"id":"3de0373a","settings":{"animation":"sina-wave-anim","video_link":"https:\/\/www.youtube.com\/watch?v=nyxiwyxK7h8","title":"","background_color":"#FFA026","icon_color":"#FFFFFF","icon_border_border":"solid","icon_border_width":{"unit":"px","top":"2","right":"2","bottom":"2","left":"2","isLinked":true},"icon_border_color":"#FFA026","hover_background_color":"#D97A00","icon_hover_border":"#D97A00","font_size":{"unit":"px","size":35,"sizes":[]},"icon_width":{"unit":"px","size":100,"sizes":[]},"icon_height":{"unit":"px","size":100,"sizes":[]},"font_line_height":{"unit":"px","size":100,"sizes":[]},"btn_bg_layer_color_color":"#D97A00"},"elements":[],"isInner":false,"widgetType":"sina_video","elType":"widget"}],"isInner":true,"elType":"column"}],"isInner":true,"elType":"section"}],"isInner":false,"elType":"column"}],"isInner":false,"elType":"section"},{"id":"65d6cd8f","settings":{"padding":{"unit":"px","top":"0","right":"0","bottom":"80","left":"0","isLinked":false},"padding_tablet":{"unit":"px","top":"0","right":"0","bottom":"30","left":"0","isLinked":false},"padding_mobile":{"unit":"px","top":"0","right":"0","bottom":"40","left":"0","isLinked":false}},"elements":[{"id":"593de36e","settings":{"_column_size":100,"_inline_size":null},"elements":[{"id":"60c6f18d","settings":{"brand":[{"title":"logo1","brand_logo":{"url":"https:\/\/demo.bosathemes.com\/bosa\/charity-02\/wp-content\/uploads\/sites\/43\/2021\/04\/bosa-charity-img15.png","id":49},"_id":"5e9d408","link":{"url":"#","is_external":"","nofollow":"","custom_attributes":""}},{"title":"logo2","brand_logo":{"url":"https:\/\/demo.bosathemes.com\/bosa\/charity-02\/wp-content\/uploads\/sites\/43\/2021\/04\/bosa-charity-img16.png","id":48},"link":{"url":"#","is_external":"","nofollow":"","custom_attributes":""},"_id":"881bd7e"},{"title":"logo3","brand_logo":{"url":"https:\/\/demo.bosathemes.com\/bosa\/charity-02\/wp-content\/uploads\/sites\/43\/2021\/04\/bosa-charity-img17.png","id":47},"link":{"url":"#","is_external":"","nofollow":"","custom_attributes":""},"_id":"6ae3bbf"},{"title":"logo4","brand_logo":{"url":"https:\/\/demo.bosathemes.com\/bosa\/charity-02\/wp-content\/uploads\/sites\/43\/2021\/04\/bosa-charity-img18.png","id":46},"link":{"url":"#","is_external":"","nofollow":"","custom_attributes":""},"_id":"ebf83a1"},{"title":"logo5","brand_logo":{"url":"https:\/\/demo.bosathemes.com\/bosa\/charity-02\/wp-content\/uploads\/sites\/43\/2021\/04\/bosa-charity-img19.png","id":45},"link":{"url":"#","is_external":"","nofollow":"","custom_attributes":""},"_id":"73508de"}],"box_padding":{"unit":"px","top":"10","right":"10","bottom":"10","left":"10","isLinked":true},"box_border_color":"#FFA02600","hover_box_border":"#D97A0000","_padding":{"unit":"px","top":"20","right":"0","bottom":"0","left":"0","isLinked":false},"show_item_tablet":"3","logo_padding_tablet":{"unit":"px","top":"15","right":"15","bottom":"15","left":"15","isLinked":false},"logo_padding_mobile":{"unit":"px","top":"0","right":"0","bottom":"0","left":"0","isLinked":false},"box_padding_mobile":{"unit":"px","top":"0","right":"0","bottom":"0","left":"0","isLinked":false}},"elements":[],"isInner":false,"widgetType":"sina_brand_carousel","elType":"widget"}],"isInner":false,"elType":"column"}],"isInner":false,"elType":"section"},{"id":"26b8e0f6","settings":{"background_background":"classic","background_image":{"url":"https:\/\/demo.bosathemes.com\/bosa\/charity-02\/wp-content\/uploads\/sites\/43\/2021\/04\/bosa-charity-img11.jpg","id":41},"background_position":"center center","background_repeat":"no-repeat","background_size":"cover","padding":{"unit":"px","top":"100","right":"0","bottom":"100","left":"0","isLinked":false},"padding_tablet":{"unit":"px","top":"70","right":"0","bottom":"80","left":"0","isLinked":false}},"elements":[{"id":"3a677363","settings":{"_column_size":100,"_inline_size":null},"elements":[{"id":"5440df26","settings":{"title":"get involve","subtitle":"we've funded 12,503 charity projects for 25M people around the world","title_typography_font_family":"Poppins","title_typography_font_size":{"unit":"px","size":16,"sizes":[]},"title_typography_text_transform":"uppercase","title_typography_line_height":{"unit":"px","size":"","sizes":[]},"title_color_color":"#FFA026","subtitle_typography_font_family":"Playfair Display","subtitle_typography_font_size":{"unit":"px","size":46,"sizes":[]},"subtitle_typography_font_weight":"900","subtitle_typography_text_transform":"capitalize","subtitle_typography_line_height":{"unit":"em","size":1.1999999999999999555910790149937383830547332763671875,"sizes":[]},"subtitle_color_color":"#FFFFFF","subtitle_typography_font_size_tablet":{"unit":"px","size":35,"sizes":[]},"subtitle_typography_font_size_mobile":{"unit":"px","size":28,"sizes":[]}},"elements":[],"isInner":false,"widgetType":"sina_title","elType":"widget"},{"id":"ca9ad27","settings":{"text":"get involve now","align":"center","typography_typography":"custom","typography_font_family":"Poppins","typography_font_size":{"unit":"px","size":16,"sizes":[]},"typography_font_weight":"600","typography_text_transform":"capitalize","background_color":"#FFA026","button_background_hover_color":"#D97A00","border_radius":{"unit":"px","top":"25","right":"25","bottom":"25","left":"25","isLinked":true},"text_padding":{"unit":"px","top":"19","right":"35","bottom":"19","left":"35","isLinked":false},"_padding":{"unit":"px","top":"20","right":"0","bottom":"0","left":"0","isLinked":false}},"elements":[],"isInner":false,"widgetType":"button","elType":"widget"}],"isInner":false,"elType":"column"}],"isInner":false,"elType":"section"}],"page_settings":[],"version":"0.4","title":"About Us Bosa","type":"page"}