{"content":[{"id":"35aed301","settings":{"background_background":"classic","background_image":{"url":"https:\/\/demo.bosathemes.com\/bosa\/charity-02\/wp-content\/uploads\/sites\/43\/2021\/04\/bosa-charity-img1.jpg","id":54},"background_position":"center center","background_repeat":"no-repeat","background_size":"cover","background_overlay_background":"classic","background_overlay_color":"#000000","background_overlay_opacity":{"unit":"px","size":0.59999999999999997779553950749686919152736663818359375,"sizes":[]},"padding":{"unit":"px","top":"100","right":"0","bottom":"100","left":"0","isLinked":false},"padding_tablet":{"unit":"px","top":"80","right":"0","bottom":"80","left":"0","isLinked":false},"padding_mobile":{"unit":"px","top":"60","right":"0","bottom":"70","left":"0","isLinked":false}},"elements":[{"id":"6649fdbf","settings":{"_column_size":100,"_inline_size":null},"elements":[{"id":"41fb1796","settings":{"title":"campaign-list","align":"center","title_color":"#FFFFFF","typography_typography":"custom","typography_font_family":"Playfair Display","typography_font_size":{"unit":"px","size":55,"sizes":[]},"typography_font_weight":"900","typography_text_transform":"capitalize","typography_line_height":{"unit":"em","size":1.1999999999999999555910790149937383830547332763671875,"sizes":[]},"typography_font_size_tablet":{"unit":"px","size":45,"sizes":[]},"typography_font_size_mobile":{"unit":"px","size":36,"sizes":[]}},"elements":[],"isInner":false,"widgetType":"heading","elType":"widget"}],"isInner":false,"elType":"column"}],"isInner":false,"elType":"section"},{"id":"7e0501ea","settings":{"padding":{"unit":"px","top":"100","right":"0","bottom":"80","left":"0","isLinked":false},"padding_tablet":{"unit":"px","top":"80","right":"0","bottom":"50","left":"0","isLinked":false},"padding_mobile":{"unit":"px","top":"40","right":"0","bottom":"40","left":"0","isLinked":false}},"elements":[{"id":"2150a37c","settings":{"_column_size":100,"_inline_size":null},"elements":[{"id":"1704d0b9","settings":{"structure":"20","padding_mobile":{"unit":"px","top":"20","right":"0","bottom":"0","left":"0","isLinked":false}},"elements":[{"id":"ba04d35","settings":{"_column_size":50,"_inline_size":null,"border_border":"solid","border_width":{"unit":"px","top":"1","right":"1","bottom":"1","left":"1","isLinked":true},"border_color":"#FFA02630","border_radius":{"unit":"px","top":"20","right":"20","bottom":"20","left":"20","isLinked":true},"margin":{"unit":"px","top":"20","right":"20","bottom":"20","left":"20","isLinked":false},"padding":{"unit":"px","top":"15","right":"10","bottom":"30","left":"10","isLinked":false},"margin_tablet":{"unit":"px","top":"8","right":"8","bottom":"8","left":"8","isLinked":true},"margin_mobile":{"unit":"px","top":"10","right":"0","bottom":"30","left":"0","isLinked":false}},"elements":[{"id":"17e3d86a","settings":{"image":{"url":"https:\/\/demo.bosathemes.com\/bosa\/charity-02\/wp-content\/uploads\/sites\/43\/2021\/04\/bosa-charity-img4.jpg","id":51},"image_border_radius":{"unit":"px","top":"20","right":"20","bottom":"20","left":"20","isLinked":true}},"elements":[],"isInner":false,"widgetType":"image","elType":"widget"},{"id":"2fbe4b32","settings":{"title":"Financial Help For Poor Families","align":"left","title_color":"#333333","typography_typography":"custom","typography_font_family":"Playfair Display","typography_font_size":{"unit":"px","size":26,"sizes":[]},"typography_font_weight":"900","typography_text_transform":"capitalize","typography_line_height":{"unit":"em","size":1.1999999999999999555910790149937383830547332763671875,"sizes":[]},"_margin":{"unit":"px","top":"10","right":"0","bottom":"0","left":"20","isLinked":false},"link":{"url":"#","is_external":"","nofollow":"","custom_attributes":""},"typography_font_size_tablet":{"unit":"px","size":19,"sizes":[]},"_margin_tablet":{"unit":"px","top":"0","right":"0","bottom":"0","left":"0","isLinked":false}},"elements":[],"isInner":false,"widgetType":"heading","elType":"widget"},{"id":"3eec1ee2","settings":{"structure":"30","padding":{"unit":"px","top":"10","right":"0","bottom":"20","left":"20","isLinked":false},"margin_tablet":{"unit":"px","top":"","right":0,"bottom":"","left":0,"isLinked":true},"padding_tablet":{"unit":"px","top":"0","right":"0","bottom":"30","left":"0","isLinked":false}},"elements":[{"id":"3c96add0","settings":{"_column_size":33,"_inline_size":null,"border_border":"solid","border_width":{"unit":"px","top":"0","right":"4","bottom":"0","left":"0","isLinked":false},"border_color":"#F8FAFF","margin":{"unit":"px","top":"0","right":"20","bottom":"0","left":"0","isLinked":false},"_inline_size_mobile":31,"margin_mobile":{"unit":"px","top":"0","right":"8","bottom":"0","left":"0","isLinked":false}},"elements":[{"id":"39e91f7a","settings":{"title":"raised","subtitle":"$7000","alignment":"left","title_typography_font_family":"Poppins","title_typography_font_size":{"unit":"px","size":14,"sizes":[]},"title_typography_font_weight":"400","title_typography_text_transform":"uppercase","title_typography_line_height":{"unit":"px","size":"","sizes":[]},"title_color_color":"#333333","title_margin":{"unit":"px","top":"0","right":"0","bottom":"5","left":"0","isLinked":false},"subtitle_typography_font_family":"Playfair Display","subtitle_typography_font_size":{"unit":"px","size":20,"sizes":[]},"subtitle_typography_font_weight":"900","subtitle_typography_text_transform":"capitalize","subtitle_typography_line_height":{"unit":"em","size":1.1999999999999999555910790149937383830547332763671875,"sizes":[]},"subtitle_color_color":"#383838","title_typography_font_size_mobile":{"unit":"px","size":14,"sizes":[]},"subtitle_typography_font_size_mobile":{"unit":"px","size":18,"sizes":[]}},"elements":[],"isInner":false,"widgetType":"sina_title","elType":"widget"}],"isInner":true,"elType":"column"},{"id":"572b475","settings":{"_column_size":33,"_inline_size":null,"border_border":"solid","border_width":{"unit":"px","top":"0","right":"4","bottom":"0","left":"0","isLinked":false},"border_color":"#F8FAFF","margin":{"unit":"px","top":"0","right":"20","bottom":"0","left":"0","isLinked":false},"_inline_size_mobile":34},"elements":[{"id":"5f05ca43","settings":{"title":"remaining","subtitle":"$10,000","alignment":"left","title_typography_font_family":"Poppins","title_typography_font_size":{"unit":"px","size":14,"sizes":[]},"title_typography_font_weight":"400","title_typography_text_transform":"uppercase","title_typography_line_height":{"unit":"px","size":"","sizes":[]},"title_color_color":"#333333","title_margin":{"unit":"px","top":"0","right":"0","bottom":"5","left":"0","isLinked":false},"subtitle_typography_font_family":"Playfair Display","subtitle_typography_font_size":{"unit":"px","size":20,"sizes":[]},"subtitle_typography_font_weight":"900","subtitle_typography_text_transform":"capitalize","subtitle_typography_line_height":{"unit":"em","size":1.1999999999999999555910790149937383830547332763671875,"sizes":[]},"subtitle_color_color":"#383838","title_typography_font_size_mobile":{"unit":"px","size":14,"sizes":[]},"subtitle_typography_font_size_mobile":{"unit":"px","size":18,"sizes":[]}},"elements":[],"isInner":false,"widgetType":"sina_title","elType":"widget"}],"isInner":true,"elType":"column"},{"id":"4d1d3696","settings":{"_column_size":33,"_inline_size":null,"_inline_size_mobile":35},"elements":[{"id":"3a698e1b","settings":{"title":"expire date","subtitle":"19 jun, 2021","alignment":"left","title_typography_font_family":"Poppins","title_typography_font_size":{"unit":"px","size":14,"sizes":[]},"title_typography_font_weight":"400","title_typography_text_transform":"uppercase","title_typography_line_height":{"unit":"px","size":"","sizes":[]},"title_color_color":"#333333","title_margin":{"unit":"px","top":"0","right":"0","bottom":"5","left":"0","isLinked":false},"subtitle_typography_font_family":"Playfair Display","subtitle_typography_font_size":{"unit":"px","size":20,"sizes":[]},"subtitle_typography_font_weight":"900","subtitle_typography_text_transform":"capitalize","subtitle_typography_line_height":{"unit":"em","size":1.1999999999999999555910790149937383830547332763671875,"sizes":[]},"subtitle_color_color":"#383838","title_typography_font_size_mobile":{"unit":"px","size":14,"sizes":[]},"subtitle_typography_font_size_mobile":{"unit":"px","size":15,"sizes":[]}},"elements":[],"isInner":false,"widgetType":"sina_title","elType":"widget"}],"isInner":true,"elType":"column"}],"isInner":true,"elType":"section"},{"id":"34f23ad5","settings":{"title":"","percent":{"unit":"%","size":70,"sizes":[]},"inner_text":"raised funds","bar_color":"#FFA026","bar_height":{"unit":"px","size":20,"sizes":[]},"bar_border_radius":{"unit":"px","size":25,"sizes":[]},"bar_inner_typography_typography":"custom","bar_inner_typography_font_family":"Poppins","bar_inner_typography_font_size":{"unit":"px","size":13,"sizes":[]},"bar_inner_typography_font_weight":"600","bar_inner_typography_text_transform":"capitalize","_padding":{"unit":"px","top":"0","right":"30","bottom":"0","left":"20","isLinked":false},"_padding_tablet":{"unit":"px","top":"0","right":"0","bottom":"0","left":"0","isLinked":false}},"elements":[],"isInner":false,"widgetType":"progress","elType":"widget"},{"id":"4b972f44","settings":{"structure":"20","padding":{"unit":"px","top":"20","right":"0","bottom":"0","left":"20","isLinked":false},"gap":"no","padding_tablet":{"unit":"px","top":"0","right":"0","bottom":"0","left":"0","isLinked":false}},"elements":[{"id":"6f7eb55a","settings":{"_column_size":50,"_inline_size":40,"_inline_size_tablet":46,"_inline_size_mobile":49},"elements":[{"id":"90ab2ff","settings":{"text":"donate now","align":"left","typography_typography":"custom","typography_font_family":"Poppins","typography_font_size":{"unit":"px","size":16,"sizes":[]},"typography_font_weight":"600","typography_text_transform":"capitalize","background_color":"#FFA026","button_background_hover_color":"#D97A00","border_radius":{"unit":"px","top":"25","right":"25","bottom":"25","left":"25","isLinked":true},"text_padding":{"unit":"px","top":"18","right":"32","bottom":"18","left":"32","isLinked":false},"typography_font_size_tablet":{"unit":"px","size":14,"sizes":[]},"text_padding_tablet":{"unit":"px","top":"18","right":"20","bottom":"18","left":"20","isLinked":false}},"elements":[],"isInner":false,"widgetType":"button","elType":"widget"}],"isInner":true,"elType":"column"},{"id":"bd035a6","settings":{"_column_size":50,"_inline_size":60,"_inline_size_tablet":54,"_inline_size_mobile":51},"elements":[{"id":"1ed5e744","settings":{"text":"program details","align":"left","typography_typography":"custom","typography_font_family":"Poppins","typography_font_size":{"unit":"px","size":16,"sizes":[]},"typography_font_weight":"600","typography_text_transform":"capitalize","button_text_color":"#FFA026","background_color":"#FFA02600","hover_color":"#FFFFFF","button_background_hover_color":"#D97A00","button_hover_border_color":"#D97A00","border_border":"solid","border_width":{"unit":"px","top":"2","right":"2","bottom":"2","left":"2","isLinked":true},"border_color":"#FFA026","border_radius":{"unit":"px","top":"25","right":"25","bottom":"25","left":"25","isLinked":true},"text_padding":{"unit":"px","top":"16","right":"30","bottom":"16","left":"30","isLinked":false},"typography_font_size_tablet":{"unit":"px","size":14,"sizes":[]},"text_padding_tablet":{"unit":"px","top":"16","right":"17","bottom":"16","left":"17","isLinked":false}},"elements":[],"isInner":false,"widgetType":"button","elType":"widget"}],"isInner":true,"elType":"column"}],"isInner":true,"elType":"section"}],"isInner":true,"elType":"column"},{"id":"15d4f219","settings":{"_column_size":50,"_inline_size":null,"border_border":"solid","border_width":{"unit":"px","top":"1","right":"1","bottom":"1","left":"1","isLinked":true},"border_color":"#FFA02630","border_radius":{"unit":"px","top":"20","right":"20","bottom":"20","left":"20","isLinked":true},"margin":{"unit":"px","top":"20","right":"20","bottom":"20","left":"20","isLinked":false},"padding":{"unit":"px","top":"15","right":"10","bottom":"30","left":"10","isLinked":false},"margin_tablet":{"unit":"px","top":"8","right":"8","bottom":"8","left":"8","isLinked":true},"margin_mobile":{"unit":"px","top":"0","right":"0","bottom":"30","left":"0","isLinked":false}},"elements":[{"id":"44fdbbba","settings":{"image":{"url":"https:\/\/demo.bosathemes.com\/bosa\/charity-02\/wp-content\/uploads\/sites\/43\/2021\/04\/bosa-charity-img5.jpg","id":50},"image_border_radius":{"unit":"px","top":"20","right":"20","bottom":"20","left":"20","isLinked":true}},"elements":[],"isInner":false,"widgetType":"image","elType":"widget"},{"id":"7ef37ea2","settings":{"title":"Send Child To School For education","align":"left","title_color":"#333333","typography_typography":"custom","typography_font_family":"Playfair Display","typography_font_size":{"unit":"px","size":26,"sizes":[]},"typography_font_weight":"900","typography_text_transform":"capitalize","typography_line_height":{"unit":"em","size":1.1999999999999999555910790149937383830547332763671875,"sizes":[]},"_margin":{"unit":"px","top":"10","right":"0","bottom":"0","left":"20","isLinked":false},"link":{"url":"#","is_external":"","nofollow":"","custom_attributes":""},"typography_font_size_tablet":{"unit":"px","size":19,"sizes":[]},"_margin_tablet":{"unit":"px","top":"0","right":"0","bottom":"0","left":"0","isLinked":false}},"elements":[],"isInner":false,"widgetType":"heading","elType":"widget"},{"id":"d0803d5","settings":{"structure":"30","padding":{"unit":"px","top":"10","right":"0","bottom":"20","left":"20","isLinked":false},"margin_tablet":{"unit":"px","top":"","right":0,"bottom":"","left":0,"isLinked":true},"padding_tablet":{"unit":"px","top":"0","right":"0","bottom":"30","left":"0","isLinked":false}},"elements":[{"id":"42311490","settings":{"_column_size":33,"_inline_size":null,"border_border":"solid","border_width":{"unit":"px","top":"0","right":"4","bottom":"0","left":"0","isLinked":false},"border_color":"#F8FAFF","margin":{"unit":"px","top":"0","right":"20","bottom":"0","left":"0","isLinked":false},"_inline_size_mobile":31,"margin_mobile":{"unit":"px","top":"0","right":"8","bottom":"0","left":"0","isLinked":false}},"elements":[{"id":"396a0c5d","settings":{"title":"raised","subtitle":"$8500","alignment":"left","title_typography_font_family":"Poppins","title_typography_font_size":{"unit":"px","size":14,"sizes":[]},"title_typography_font_weight":"400","title_typography_text_transform":"uppercase","title_typography_line_height":{"unit":"px","size":"","sizes":[]},"title_color_color":"#333333","title_margin":{"unit":"px","top":"0","right":"0","bottom":"5","left":"0","isLinked":false},"subtitle_typography_font_family":"Playfair Display","subtitle_typography_font_size":{"unit":"px","size":20,"sizes":[]},"subtitle_typography_font_weight":"900","subtitle_typography_text_transform":"capitalize","subtitle_typography_line_height":{"unit":"em","size":1.1999999999999999555910790149937383830547332763671875,"sizes":[]},"subtitle_color_color":"#383838","title_typography_font_size_mobile":{"unit":"px","size":14,"sizes":[]},"subtitle_typography_font_size_mobile":{"unit":"px","size":18,"sizes":[]}},"elements":[],"isInner":false,"widgetType":"sina_title","elType":"widget"}],"isInner":true,"elType":"column"},{"id":"241aebbe","settings":{"_column_size":33,"_inline_size":null,"border_border":"solid","border_width":{"unit":"px","top":"0","right":"4","bottom":"0","left":"0","isLinked":false},"border_color":"#F8FAFF","margin":{"unit":"px","top":"0","right":"20","bottom":"0","left":"0","isLinked":false},"_inline_size_mobile":34},"elements":[{"id":"12cfaadc","settings":{"title":"remaining","subtitle":"$10,000","alignment":"left","title_typography_font_family":"Poppins","title_typography_font_size":{"unit":"px","size":14,"sizes":[]},"title_typography_font_weight":"400","title_typography_text_transform":"uppercase","title_typography_line_height":{"unit":"px","size":"","sizes":[]},"title_color_color":"#333333","title_margin":{"unit":"px","top":"0","right":"0","bottom":"5","left":"0","isLinked":false},"subtitle_typography_font_family":"Playfair Display","subtitle_typography_font_size":{"unit":"px","size":20,"sizes":[]},"subtitle_typography_font_weight":"900","subtitle_typography_text_transform":"capitalize","subtitle_typography_line_height":{"unit":"em","size":1.1999999999999999555910790149937383830547332763671875,"sizes":[]},"subtitle_color_color":"#383838","title_typography_font_size_mobile":{"unit":"px","size":14,"sizes":[]},"subtitle_typography_font_size_mobile":{"unit":"px","size":18,"sizes":[]}},"elements":[],"isInner":false,"widgetType":"sina_title","elType":"widget"}],"isInner":true,"elType":"column"},{"id":"791733fe","settings":{"_column_size":33,"_inline_size":null,"_inline_size_mobile":35},"elements":[{"id":"5d395bfe","settings":{"title":"expire date","subtitle":"19 jun, 2021","alignment":"left","title_typography_font_family":"Poppins","title_typography_font_size":{"unit":"px","size":14,"sizes":[]},"title_typography_font_weight":"400","title_typography_text_transform":"uppercase","title_typography_line_height":{"unit":"px","size":"","sizes":[]},"title_color_color":"#333333","title_margin":{"unit":"px","top":"0","right":"0","bottom":"5","left":"0","isLinked":false},"subtitle_typography_font_family":"Playfair Display","subtitle_typography_font_size":{"unit":"px","size":20,"sizes":[]},"subtitle_typography_font_weight":"900","subtitle_typography_text_transform":"capitalize","subtitle_typography_line_height":{"unit":"em","size":1.1999999999999999555910790149937383830547332763671875,"sizes":[]},"subtitle_color_color":"#383838","title_typography_font_size_mobile":{"unit":"px","size":14,"sizes":[]},"subtitle_typography_font_size_mobile":{"unit":"px","size":15,"sizes":[]}},"elements":[],"isInner":false,"widgetType":"sina_title","elType":"widget"}],"isInner":true,"elType":"column"}],"isInner":true,"elType":"section"},{"id":"9656eed","settings":{"title":"","percent":{"unit":"%","size":85,"sizes":[]},"inner_text":"raised funds","bar_color":"#FFA026","bar_height":{"unit":"px","size":20,"sizes":[]},"bar_border_radius":{"unit":"px","size":25,"sizes":[]},"bar_inner_typography_typography":"custom","bar_inner_typography_font_family":"Poppins","bar_inner_typography_font_size":{"unit":"px","size":13,"sizes":[]},"bar_inner_typography_font_weight":"600","bar_inner_typography_text_transform":"capitalize","_padding":{"unit":"px","top":"0","right":"30","bottom":"0","left":"20","isLinked":false},"_padding_tablet":{"unit":"px","top":"0","right":"0","bottom":"0","left":"0","isLinked":false}},"elements":[],"isInner":false,"widgetType":"progress","elType":"widget"},{"id":"5a94d472","settings":{"structure":"20","padding":{"unit":"px","top":"20","right":"0","bottom":"0","left":"20","isLinked":false},"gap":"no","padding_tablet":{"unit":"px","top":"0","right":"0","bottom":"0","left":"0","isLinked":false},"padding_mobile":{"unit":"px","top":"0","right":"0","bottom":"0","left":"0","isLinked":false}},"elements":[{"id":"56b70778","settings":{"_column_size":50,"_inline_size":40,"_inline_size_tablet":46,"_inline_size_mobile":49},"elements":[{"id":"20fad0b3","settings":{"text":"donate now","align":"left","typography_typography":"custom","typography_font_family":"Poppins","typography_font_size":{"unit":"px","size":16,"sizes":[]},"typography_font_weight":"600","typography_text_transform":"capitalize","background_color":"#FFA026","button_background_hover_color":"#D97A00","border_radius":{"unit":"px","top":"25","right":"25","bottom":"25","left":"25","isLinked":true},"text_padding":{"unit":"px","top":"18","right":"32","bottom":"18","left":"32","isLinked":false},"typography_font_size_tablet":{"unit":"px","size":14,"sizes":[]},"text_padding_tablet":{"unit":"px","top":"18","right":"20","bottom":"18","left":"20","isLinked":false}},"elements":[],"isInner":false,"widgetType":"button","elType":"widget"}],"isInner":true,"elType":"column"},{"id":"2ddac1fe","settings":{"_column_size":50,"_inline_size":60,"_inline_size_tablet":54,"_inline_size_mobile":51},"elements":[{"id":"5eb8543c","settings":{"text":"program details","align":"left","typography_typography":"custom","typography_font_family":"Poppins","typography_font_size":{"unit":"px","size":16,"sizes":[]},"typography_font_weight":"600","typography_text_transform":"capitalize","button_text_color":"#FFA026","background_color":"#FFA02600","hover_color":"#FFFFFF","button_background_hover_color":"#D97A00","button_hover_border_color":"#D97A00","border_border":"solid","border_width":{"unit":"px","top":"2","right":"2","bottom":"2","left":"2","isLinked":true},"border_color":"#FFA026","border_radius":{"unit":"px","top":"25","right":"25","bottom":"25","left":"25","isLinked":true},"text_padding":{"unit":"px","top":"16","right":"30","bottom":"16","left":"30","isLinked":false},"typography_font_size_tablet":{"unit":"px","size":14,"sizes":[]},"text_padding_tablet":{"unit":"px","top":"16","right":"17","bottom":"16","left":"17","isLinked":false}},"elements":[],"isInner":false,"widgetType":"button","elType":"widget"}],"isInner":true,"elType":"column"}],"isInner":true,"elType":"section"}],"isInner":true,"elType":"column"}],"isInner":true,"elType":"section"},{"id":"34473433","settings":{"structure":"20","padding_mobile":{"unit":"px","top":"0","right":"0","bottom":"0","left":"0","isLinked":true},"padding_tablet":{"unit":"px","top":"20","right":"0","bottom":"0","left":"0","isLinked":false}},"elements":[{"id":"6576b7bb","settings":{"_column_size":50,"_inline_size":null,"border_border":"solid","border_width":{"unit":"px","top":"1","right":"1","bottom":"1","left":"1","isLinked":true},"border_color":"#FFA02630","border_radius":{"unit":"px","top":"20","right":"20","bottom":"20","left":"20","isLinked":true},"margin":{"unit":"px","top":"20","right":"20","bottom":"20","left":"20","isLinked":false},"padding":{"unit":"px","top":"15","right":"10","bottom":"30","left":"10","isLinked":false},"margin_tablet":{"unit":"px","top":"8","right":"8","bottom":"8","left":"8","isLinked":true},"margin_mobile":{"unit":"px","top":"10","right":"0","bottom":"30","left":"0","isLinked":false}},"elements":[{"id":"441badba","settings":{"image":{"url":"https:\/\/demo.bosathemes.com\/bosa\/charity-02\/wp-content\/uploads\/sites\/43\/2021\/04\/bosa-charity-img20.jpg","id":35},"image_border_radius":{"unit":"px","top":"20","right":"20","bottom":"20","left":"20","isLinked":true}},"elements":[],"isInner":false,"widgetType":"image","elType":"widget"},{"id":"1b0c9609","settings":{"title":"Donate And Save Poor Childrens","align":"left","title_color":"#333333","typography_typography":"custom","typography_font_family":"Playfair Display","typography_font_size":{"unit":"px","size":26,"sizes":[]},"typography_font_weight":"900","typography_text_transform":"capitalize","typography_line_height":{"unit":"em","size":1.1999999999999999555910790149937383830547332763671875,"sizes":[]},"_margin":{"unit":"px","top":"10","right":"0","bottom":"0","left":"20","isLinked":false},"link":{"url":"#","is_external":"","nofollow":"","custom_attributes":""},"typography_font_size_tablet":{"unit":"px","size":19,"sizes":[]},"_margin_tablet":{"unit":"px","top":"0","right":"0","bottom":"0","left":"0","isLinked":false}},"elements":[],"isInner":false,"widgetType":"heading","elType":"widget"},{"id":"1f25c906","settings":{"structure":"30","padding":{"unit":"px","top":"10","right":"0","bottom":"20","left":"20","isLinked":false},"margin_tablet":{"unit":"px","top":"","right":0,"bottom":"","left":0,"isLinked":true},"padding_tablet":{"unit":"px","top":"0","right":"0","bottom":"30","left":"0","isLinked":false}},"elements":[{"id":"4ee1992f","settings":{"_column_size":33,"_inline_size":null,"border_border":"solid","border_width":{"unit":"px","top":"0","right":"4","bottom":"0","left":"0","isLinked":false},"border_color":"#F8FAFF","margin":{"unit":"px","top":"0","right":"20","bottom":"0","left":"0","isLinked":false},"_inline_size_mobile":31,"margin_mobile":{"unit":"px","top":"0","right":"8","bottom":"0","left":"0","isLinked":false}},"elements":[{"id":"45ab6313","settings":{"title":"raised","subtitle":"$5500","alignment":"left","title_typography_font_family":"Poppins","title_typography_font_size":{"unit":"px","size":14,"sizes":[]},"title_typography_font_weight":"400","title_typography_text_transform":"uppercase","title_typography_line_height":{"unit":"px","size":"","sizes":[]},"title_color_color":"#333333","title_margin":{"unit":"px","top":"0","right":"0","bottom":"5","left":"0","isLinked":false},"subtitle_typography_font_family":"Playfair Display","subtitle_typography_font_size":{"unit":"px","size":20,"sizes":[]},"subtitle_typography_font_weight":"900","subtitle_typography_text_transform":"capitalize","subtitle_typography_line_height":{"unit":"em","size":1.1999999999999999555910790149937383830547332763671875,"sizes":[]},"subtitle_color_color":"#383838","title_typography_font_size_mobile":{"unit":"px","size":14,"sizes":[]},"subtitle_typography_font_size_mobile":{"unit":"px","size":18,"sizes":[]}},"elements":[],"isInner":false,"widgetType":"sina_title","elType":"widget"}],"isInner":true,"elType":"column"},{"id":"6ccce535","settings":{"_column_size":33,"_inline_size":null,"border_border":"solid","border_width":{"unit":"px","top":"0","right":"4","bottom":"0","left":"0","isLinked":false},"border_color":"#F8FAFF","margin":{"unit":"px","top":"0","right":"20","bottom":"0","left":"0","isLinked":false},"_inline_size_mobile":34},"elements":[{"id":"41d6fafd","settings":{"title":"remaining","subtitle":"$10,000","alignment":"left","title_typography_font_family":"Poppins","title_typography_font_size":{"unit":"px","size":14,"sizes":[]},"title_typography_font_weight":"400","title_typography_text_transform":"uppercase","title_typography_line_height":{"unit":"px","size":"","sizes":[]},"title_color_color":"#333333","title_margin":{"unit":"px","top":"0","right":"0","bottom":"5","left":"0","isLinked":false},"subtitle_typography_font_family":"Playfair Display","subtitle_typography_font_size":{"unit":"px","size":20,"sizes":[]},"subtitle_typography_font_weight":"900","subtitle_typography_text_transform":"capitalize","subtitle_typography_line_height":{"unit":"em","size":1.1999999999999999555910790149937383830547332763671875,"sizes":[]},"subtitle_color_color":"#383838","title_typography_font_size_mobile":{"unit":"px","size":14,"sizes":[]},"subtitle_typography_font_size_mobile":{"unit":"px","size":18,"sizes":[]}},"elements":[],"isInner":false,"widgetType":"sina_title","elType":"widget"}],"isInner":true,"elType":"column"},{"id":"537c1732","settings":{"_column_size":33,"_inline_size":null,"_inline_size_mobile":35},"elements":[{"id":"478e502b","settings":{"title":"expire date","subtitle":"19 jun, 2021","alignment":"left","title_typography_font_family":"Poppins","title_typography_font_size":{"unit":"px","size":14,"sizes":[]},"title_typography_font_weight":"400","title_typography_text_transform":"uppercase","title_typography_line_height":{"unit":"px","size":"","sizes":[]},"title_color_color":"#333333","title_margin":{"unit":"px","top":"0","right":"0","bottom":"5","left":"0","isLinked":false},"subtitle_typography_font_family":"Playfair Display","subtitle_typography_font_size":{"unit":"px","size":20,"sizes":[]},"subtitle_typography_font_weight":"900","subtitle_typography_text_transform":"capitalize","subtitle_typography_line_height":{"unit":"em","size":1.1999999999999999555910790149937383830547332763671875,"sizes":[]},"subtitle_color_color":"#383838","title_typography_font_size_mobile":{"unit":"px","size":14,"sizes":[]},"subtitle_typography_font_size_mobile":{"unit":"px","size":15,"sizes":[]}},"elements":[],"isInner":false,"widgetType":"sina_title","elType":"widget"}],"isInner":true,"elType":"column"}],"isInner":true,"elType":"section"},{"id":"4fa73ce9","settings":{"title":"","percent":{"unit":"%","size":80,"sizes":[]},"inner_text":"raised funds","bar_color":"#FFA026","bar_height":{"unit":"px","size":20,"sizes":[]},"bar_border_radius":{"unit":"px","size":25,"sizes":[]},"bar_inner_typography_typography":"custom","bar_inner_typography_font_family":"Poppins","bar_inner_typography_font_size":{"unit":"px","size":13,"sizes":[]},"bar_inner_typography_font_weight":"600","bar_inner_typography_text_transform":"capitalize","_padding":{"unit":"px","top":"0","right":"30","bottom":"0","left":"20","isLinked":false},"_padding_tablet":{"unit":"px","top":"0","right":"0","bottom":"0","left":"0","isLinked":false}},"elements":[],"isInner":false,"widgetType":"progress","elType":"widget"},{"id":"9b6daca","settings":{"structure":"20","padding":{"unit":"px","top":"20","right":"0","bottom":"0","left":"20","isLinked":false},"gap":"no","padding_tablet":{"unit":"px","top":"0","right":"0","bottom":"0","left":"0","isLinked":false}},"elements":[{"id":"4a2ff794","settings":{"_column_size":50,"_inline_size":40,"_inline_size_tablet":46,"_inline_size_mobile":49},"elements":[{"id":"2cffa526","settings":{"text":"donate now","align":"left","typography_typography":"custom","typography_font_family":"Poppins","typography_font_size":{"unit":"px","size":16,"sizes":[]},"typography_font_weight":"600","typography_text_transform":"capitalize","background_color":"#FFA026","button_background_hover_color":"#D97A00","border_radius":{"unit":"px","top":"25","right":"25","bottom":"25","left":"25","isLinked":true},"text_padding":{"unit":"px","top":"18","right":"32","bottom":"18","left":"32","isLinked":false},"typography_font_size_tablet":{"unit":"px","size":14,"sizes":[]},"text_padding_tablet":{"unit":"px","top":"18","right":"20","bottom":"18","left":"20","isLinked":false}},"elements":[],"isInner":false,"widgetType":"button","elType":"widget"}],"isInner":true,"elType":"column"},{"id":"1a348ed9","settings":{"_column_size":50,"_inline_size":60,"_inline_size_tablet":54,"_inline_size_mobile":51},"elements":[{"id":"4203672f","settings":{"text":"program details","align":"left","typography_typography":"custom","typography_font_family":"Poppins","typography_font_size":{"unit":"px","size":16,"sizes":[]},"typography_font_weight":"600","typography_text_transform":"capitalize","button_text_color":"#FFA026","background_color":"#FFA02600","hover_color":"#FFFFFF","button_background_hover_color":"#D97A00","button_hover_border_color":"#D97A00","border_border":"solid","border_width":{"unit":"px","top":"2","right":"2","bottom":"2","left":"2","isLinked":true},"border_color":"#FFA026","border_radius":{"unit":"px","top":"25","right":"25","bottom":"25","left":"25","isLinked":true},"text_padding":{"unit":"px","top":"16","right":"30","bottom":"16","left":"30","isLinked":false},"typography_font_size_tablet":{"unit":"px","size":14,"sizes":[]},"text_padding_tablet":{"unit":"px","top":"16","right":"17","bottom":"16","left":"17","isLinked":false}},"elements":[],"isInner":false,"widgetType":"button","elType":"widget"}],"isInner":true,"elType":"column"}],"isInner":true,"elType":"section"}],"isInner":true,"elType":"column"},{"id":"17c21fc3","settings":{"_column_size":50,"_inline_size":null,"border_border":"solid","border_width":{"unit":"px","top":"1","right":"1","bottom":"1","left":"1","isLinked":true},"border_color":"#FFA02630","border_radius":{"unit":"px","top":"20","right":"20","bottom":"20","left":"20","isLinked":true},"margin":{"unit":"px","top":"20","right":"20","bottom":"20","left":"20","isLinked":false},"padding":{"unit":"px","top":"15","right":"10","bottom":"30","left":"10","isLinked":false},"margin_tablet":{"unit":"px","top":"8","right":"8","bottom":"8","left":"8","isLinked":true},"margin_mobile":{"unit":"px","top":"0","right":"0","bottom":"30","left":"0","isLinked":false}},"elements":[{"id":"baa0bf8","settings":{"image":{"url":"https:\/\/demo.bosathemes.com\/bosa\/charity-02\/wp-content\/uploads\/sites\/43\/2021\/04\/bosa-charity-img21.jpg","id":34},"image_border_radius":{"unit":"px","top":"20","right":"20","bottom":"20","left":"20","isLinked":true}},"elements":[],"isInner":false,"widgetType":"image","elType":"widget"},{"id":"6d39b14d","settings":{"title":"Sponser For Water And Nutrition","align":"left","title_color":"#333333","typography_typography":"custom","typography_font_family":"Playfair Display","typography_font_size":{"unit":"px","size":26,"sizes":[]},"typography_font_weight":"900","typography_text_transform":"capitalize","typography_line_height":{"unit":"em","size":1.1999999999999999555910790149937383830547332763671875,"sizes":[]},"_margin":{"unit":"px","top":"10","right":"0","bottom":"0","left":"20","isLinked":false},"link":{"url":"#","is_external":"","nofollow":"","custom_attributes":""},"typography_font_size_tablet":{"unit":"px","size":19,"sizes":[]},"_margin_tablet":{"unit":"px","top":"0","right":"0","bottom":"0","left":"0","isLinked":false}},"elements":[],"isInner":false,"widgetType":"heading","elType":"widget"},{"id":"18a9dc90","settings":{"structure":"30","padding":{"unit":"px","top":"10","right":"0","bottom":"20","left":"20","isLinked":false},"margin_tablet":{"unit":"px","top":"","right":0,"bottom":"","left":0,"isLinked":true},"padding_tablet":{"unit":"px","top":"0","right":"0","bottom":"30","left":"0","isLinked":false}},"elements":[{"id":"2f55f352","settings":{"_column_size":33,"_inline_size":null,"border_border":"solid","border_width":{"unit":"px","top":"0","right":"4","bottom":"0","left":"0","isLinked":false},"border_color":"#F8FAFF","margin":{"unit":"px","top":"0","right":"20","bottom":"0","left":"0","isLinked":false},"_inline_size_mobile":31,"margin_mobile":{"unit":"px","top":"0","right":"8","bottom":"0","left":"0","isLinked":false}},"elements":[{"id":"e496062","settings":{"title":"raised","subtitle":"$9000","alignment":"left","title_typography_font_family":"Poppins","title_typography_font_size":{"unit":"px","size":14,"sizes":[]},"title_typography_font_weight":"400","title_typography_text_transform":"uppercase","title_typography_line_height":{"unit":"px","size":"","sizes":[]},"title_color_color":"#333333","title_margin":{"unit":"px","top":"0","right":"0","bottom":"5","left":"0","isLinked":false},"subtitle_typography_font_family":"Playfair Display","subtitle_typography_font_size":{"unit":"px","size":20,"sizes":[]},"subtitle_typography_font_weight":"900","subtitle_typography_text_transform":"capitalize","subtitle_typography_line_height":{"unit":"em","size":1.1999999999999999555910790149937383830547332763671875,"sizes":[]},"subtitle_color_color":"#383838","title_typography_font_size_mobile":{"unit":"px","size":14,"sizes":[]},"subtitle_typography_font_size_mobile":{"unit":"px","size":18,"sizes":[]}},"elements":[],"isInner":false,"widgetType":"sina_title","elType":"widget"}],"isInner":true,"elType":"column"},{"id":"3d4cbcee","settings":{"_column_size":33,"_inline_size":null,"border_border":"solid","border_width":{"unit":"px","top":"0","right":"4","bottom":"0","left":"0","isLinked":false},"border_color":"#F8FAFF","margin":{"unit":"px","top":"0","right":"20","bottom":"0","left":"0","isLinked":false},"_inline_size_mobile":34},"elements":[{"id":"723e6b0e","settings":{"title":"remaining","subtitle":"$15,000","alignment":"left","title_typography_font_family":"Poppins","title_typography_font_size":{"unit":"px","size":14,"sizes":[]},"title_typography_font_weight":"400","title_typography_text_transform":"uppercase","title_typography_line_height":{"unit":"px","size":"","sizes":[]},"title_color_color":"#333333","title_margin":{"unit":"px","top":"0","right":"0","bottom":"5","left":"0","isLinked":false},"subtitle_typography_font_family":"Playfair Display","subtitle_typography_font_size":{"unit":"px","size":20,"sizes":[]},"subtitle_typography_font_weight":"900","subtitle_typography_text_transform":"capitalize","subtitle_typography_line_height":{"unit":"em","size":1.1999999999999999555910790149937383830547332763671875,"sizes":[]},"subtitle_color_color":"#383838","title_typography_font_size_mobile":{"unit":"px","size":14,"sizes":[]},"subtitle_typography_font_size_mobile":{"unit":"px","size":18,"sizes":[]}},"elements":[],"isInner":false,"widgetType":"sina_title","elType":"widget"}],"isInner":true,"elType":"column"},{"id":"363e43d","settings":{"_column_size":33,"_inline_size":null,"_inline_size_mobile":35},"elements":[{"id":"2e7f146f","settings":{"title":"expire date","subtitle":"19 jun, 2021","alignment":"left","title_typography_font_family":"Poppins","title_typography_font_size":{"unit":"px","size":14,"sizes":[]},"title_typography_font_weight":"400","title_typography_text_transform":"uppercase","title_typography_line_height":{"unit":"px","size":"","sizes":[]},"title_color_color":"#333333","title_margin":{"unit":"px","top":"0","right":"0","bottom":"5","left":"0","isLinked":false},"subtitle_typography_font_family":"Playfair Display","subtitle_typography_font_size":{"unit":"px","size":20,"sizes":[]},"subtitle_typography_font_weight":"900","subtitle_typography_text_transform":"capitalize","subtitle_typography_line_height":{"unit":"em","size":1.1999999999999999555910790149937383830547332763671875,"sizes":[]},"subtitle_color_color":"#383838","title_typography_font_size_mobile":{"unit":"px","size":14,"sizes":[]},"subtitle_typography_font_size_mobile":{"unit":"px","size":15,"sizes":[]}},"elements":[],"isInner":false,"widgetType":"sina_title","elType":"widget"}],"isInner":true,"elType":"column"}],"isInner":true,"elType":"section"},{"id":"121f46b9","settings":{"title":"","percent":{"unit":"%","size":82,"sizes":[]},"inner_text":"raised funds","bar_color":"#FFA026","bar_height":{"unit":"px","size":20,"sizes":[]},"bar_border_radius":{"unit":"px","size":25,"sizes":[]},"bar_inner_typography_typography":"custom","bar_inner_typography_font_family":"Poppins","bar_inner_typography_font_size":{"unit":"px","size":13,"sizes":[]},"bar_inner_typography_font_weight":"600","bar_inner_typography_text_transform":"capitalize","_padding":{"unit":"px","top":"0","right":"30","bottom":"0","left":"20","isLinked":false},"_padding_tablet":{"unit":"px","top":"0","right":"0","bottom":"0","left":"0","isLinked":false}},"elements":[],"isInner":false,"widgetType":"progress","elType":"widget"},{"id":"4125ad57","settings":{"structure":"20","padding":{"unit":"px","top":"20","right":"0","bottom":"0","left":"20","isLinked":false},"gap":"no","padding_tablet":{"unit":"px","top":"0","right":"0","bottom":"0","left":"0","isLinked":false},"padding_mobile":{"unit":"px","top":"0","right":"0","bottom":"0","left":"0","isLinked":false}},"elements":[{"id":"5c993100","settings":{"_column_size":50,"_inline_size":40,"_inline_size_tablet":46,"_inline_size_mobile":49},"elements":[{"id":"5ec98a96","settings":{"text":"donate now","align":"left","typography_typography":"custom","typography_font_family":"Poppins","typography_font_size":{"unit":"px","size":16,"sizes":[]},"typography_font_weight":"600","typography_text_transform":"capitalize","background_color":"#FFA026","button_background_hover_color":"#D97A00","border_radius":{"unit":"px","top":"25","right":"25","bottom":"25","left":"25","isLinked":true},"text_padding":{"unit":"px","top":"18","right":"32","bottom":"18","left":"32","isLinked":false},"typography_font_size_tablet":{"unit":"px","size":14,"sizes":[]},"text_padding_tablet":{"unit":"px","top":"18","right":"20","bottom":"18","left":"20","isLinked":false}},"elements":[],"isInner":false,"widgetType":"button","elType":"widget"}],"isInner":true,"elType":"column"},{"id":"11f3737c","settings":{"_column_size":50,"_inline_size":60,"_inline_size_tablet":54,"_inline_size_mobile":51},"elements":[{"id":"4861abed","settings":{"text":"program details","align":"left","typography_typography":"custom","typography_font_family":"Poppins","typography_font_size":{"unit":"px","size":16,"sizes":[]},"typography_font_weight":"600","typography_text_transform":"capitalize","button_text_color":"#FFA026","background_color":"#FFA02600","hover_color":"#FFFFFF","button_background_hover_color":"#D97A00","button_hover_border_color":"#D97A00","border_border":"solid","border_width":{"unit":"px","top":"2","right":"2","bottom":"2","left":"2","isLinked":true},"border_color":"#FFA026","border_radius":{"unit":"px","top":"25","right":"25","bottom":"25","left":"25","isLinked":true},"text_padding":{"unit":"px","top":"16","right":"30","bottom":"16","left":"30","isLinked":false},"typography_font_size_tablet":{"unit":"px","size":14,"sizes":[]},"text_padding_tablet":{"unit":"px","top":"16","right":"17","bottom":"16","left":"17","isLinked":false}},"elements":[],"isInner":false,"widgetType":"button","elType":"widget"}],"isInner":true,"elType":"column"}],"isInner":true,"elType":"section"}],"isInner":true,"elType":"column"}],"isInner":true,"elType":"section"}],"isInner":false,"elType":"column"}],"isInner":false,"elType":"section"},{"id":"2e081c83","settings":{"margin":{"unit":"px","top":"0","right":0,"bottom":"-100","left":0,"isLinked":false},"z_index":1},"elements":[{"id":"44ba2c89","settings":{"_column_size":100,"_inline_size":null},"elements":[{"id":"3ab4892f","settings":{"margin":{"unit":"px","top":"","right":0,"bottom":"","left":0,"isLinked":true}},"elements":[{"id":"5a98aedb","settings":{"_column_size":100,"_inline_size":null,"background_background":"classic","background_color":"#FFA026","border_radius":{"unit":"px","top":"20","right":"20","bottom":"20","left":"20","isLinked":true},"margin":{"unit":"px","top":"20","right":"25","bottom":"0","left":"25","isLinked":false},"padding":{"unit":"px","top":"20","right":"0","bottom":"20","left":"0","isLinked":false},"background_position":"center center","background_repeat":"no-repeat","background_size":"cover","background_overlay_background":"classic","background_overlay_opacity":{"unit":"px","size":0.8000000000000000444089209850062616169452667236328125,"sizes":[]},"margin_tablet":{"unit":"px","top":"0","right":"0","bottom":"0","left":"0","isLinked":false}},"elements":[{"id":"6b8f2ae2","settings":{"gap":"no","structure":"40"},"elements":[{"id":"10acf54a","settings":{"_column_size":25,"_inline_size":null,"border_border":"solid","border_width":{"unit":"px","top":"0","right":"1","bottom":"0","left":"0","isLinked":false},"border_color":"#FFFFFF5C","padding":{"unit":"px","top":"10","right":"0","bottom":"10","left":"0","isLinked":false},"_inline_size_mobile":50},"elements":[{"id":"fdbeaa3","settings":{"ending_number":15,"suffix":"k+","title":"volunteer","number_color":"#FFFFFF","typography_number_typography":"custom","typography_number_font_family":"Playfair Display","typography_number_font_size":{"unit":"px","size":50,"sizes":[]},"typography_number_font_weight":"900","typography_number_line_height":{"unit":"em","size":1.399999999999999911182158029987476766109466552734375,"sizes":[]},"title_color":"#FFFFFF","typography_title_typography":"custom","typography_title_font_family":"Poppins","typography_title_font_size":{"unit":"px","size":16,"sizes":[]},"typography_title_font_weight":"600","typography_title_text_transform":"uppercase","typography_number_font_size_mobile":{"unit":"px","size":40,"sizes":[]},"typography_title_font_size_mobile":{"unit":"px","size":14,"sizes":[]}},"elements":[],"isInner":false,"widgetType":"counter","elType":"widget"}],"isInner":true,"elType":"column"},{"id":"4c890411","settings":{"_column_size":25,"_inline_size":null,"border_border":"solid","border_width":{"unit":"px","top":"0","right":"1","bottom":"0","left":"0","isLinked":false},"border_color":"#FFFFFF5C","padding":{"unit":"px","top":"10","right":"0","bottom":"10","left":"0","isLinked":false},"_inline_size_mobile":50,"border_width_mobile":{"unit":"px","top":"0","right":"0","bottom":"1","left":"0","isLinked":false}},"elements":[{"id":"359e7781","settings":{"ending_number":380,"suffix":"+","title":"sponsers","number_color":"#FFFFFF","typography_number_typography":"custom","typography_number_font_family":"Playfair Display","typography_number_font_size":{"unit":"px","size":50,"sizes":[]},"typography_number_font_weight":"900","typography_number_line_height":{"unit":"em","size":1.399999999999999911182158029987476766109466552734375,"sizes":[]},"title_color":"#FFFFFF","typography_title_typography":"custom","typography_title_font_family":"Poppins","typography_title_font_size":{"unit":"px","size":16,"sizes":[]},"typography_title_font_weight":"600","typography_title_text_transform":"uppercase","typography_number_font_size_mobile":{"unit":"px","size":40,"sizes":[]},"typography_title_font_size_mobile":{"unit":"px","size":14,"sizes":[]}},"elements":[],"isInner":false,"widgetType":"counter","elType":"widget"}],"isInner":true,"elType":"column"},{"id":"46295b73","settings":{"_column_size":25,"_inline_size":null,"border_border":"solid","border_width":{"unit":"px","top":"0","right":"1","bottom":"0","left":"0","isLinked":false},"border_color":"#FFFFFF5C","padding":{"unit":"px","top":"10","right":"0","bottom":"10","left":"0","isLinked":false},"_inline_size_mobile":50,"border_width_mobile":{"unit":"px","top":"1","right":"1","bottom":"0","left":"0","isLinked":false}},"elements":[{"id":"2fd2b4fd","settings":{"ending_number":125,"title":"branches","number_color":"#FFFFFF","typography_number_typography":"custom","typography_number_font_family":"Playfair Display","typography_number_font_size":{"unit":"px","size":50,"sizes":[]},"typography_number_font_weight":"900","typography_number_line_height":{"unit":"em","size":1.399999999999999911182158029987476766109466552734375,"sizes":[]},"title_color":"#FFFFFF","typography_title_typography":"custom","typography_title_font_family":"Poppins","typography_title_font_size":{"unit":"px","size":16,"sizes":[]},"typography_title_font_weight":"600","typography_title_text_transform":"uppercase","typography_number_font_size_mobile":{"unit":"px","size":40,"sizes":[]},"typography_title_font_size_mobile":{"unit":"px","size":14,"sizes":[]}},"elements":[],"isInner":false,"widgetType":"counter","elType":"widget"}],"isInner":true,"elType":"column"},{"id":"27b26285","settings":{"_column_size":25,"_inline_size":null,"border_width":{"unit":"px","top":"0","right":"1","bottom":"0","left":"0","isLinked":false},"border_color":"#FFFFFF5C","padding":{"unit":"px","top":"10","right":"0","bottom":"10","left":"0","isLinked":false},"_inline_size_mobile":50},"elements":[{"id":"102c67f8","settings":{"ending_number":75,"suffix":"+","title":"awards","number_color":"#FFFFFF","typography_number_typography":"custom","typography_number_font_family":"Playfair Display","typography_number_font_size":{"unit":"px","size":50,"sizes":[]},"typography_number_font_weight":"900","typography_number_line_height":{"unit":"em","size":1.399999999999999911182158029987476766109466552734375,"sizes":[]},"title_color":"#FFFFFF","typography_title_typography":"custom","typography_title_font_family":"Poppins","typography_title_font_size":{"unit":"px","size":16,"sizes":[]},"typography_title_font_weight":"600","typography_title_text_transform":"uppercase","typography_number_font_size_mobile":{"unit":"px","size":40,"sizes":[]},"typography_title_font_size_mobile":{"unit":"px","size":14,"sizes":[]}},"elements":[],"isInner":false,"widgetType":"counter","elType":"widget"}],"isInner":true,"elType":"column"}],"isInner":true,"elType":"section"}],"isInner":true,"elType":"column"}],"isInner":true,"elType":"section"}],"isInner":false,"elType":"column"}],"isInner":false,"elType":"section"},{"id":"6d46634b","settings":{"background_background":"classic","background_image":{"url":"https:\/\/demo.bosathemes.com\/bosa\/charity-02\/wp-content\/uploads\/sites\/43\/2021\/04\/bosa-charity-img11.jpg","id":41},"background_position":"center center","background_repeat":"no-repeat","background_size":"cover","padding":{"unit":"px","top":"180","right":"0","bottom":"100","left":"0","isLinked":false},"padding_tablet":{"unit":"px","top":"160","right":"0","bottom":"80","left":"0","isLinked":false}},"elements":[{"id":"c3fb0eb","settings":{"_column_size":100,"_inline_size":null},"elements":[{"id":"6a88b389","settings":{"title":"get involve","subtitle":"we've funded 12,503 charity projects for 25M people around the world","title_typography_font_family":"Poppins","title_typography_font_size":{"unit":"px","size":16,"sizes":[]},"title_typography_text_transform":"uppercase","title_typography_line_height":{"unit":"px","size":"","sizes":[]},"title_color_color":"#FFA026","subtitle_typography_font_family":"Playfair Display","subtitle_typography_font_size":{"unit":"px","size":46,"sizes":[]},"subtitle_typography_font_weight":"900","subtitle_typography_text_transform":"capitalize","subtitle_typography_line_height":{"unit":"em","size":1.1999999999999999555910790149937383830547332763671875,"sizes":[]},"subtitle_color_color":"#FFFFFF","subtitle_typography_font_size_tablet":{"unit":"px","size":35,"sizes":[]},"subtitle_typography_font_size_mobile":{"unit":"px","size":28,"sizes":[]}},"elements":[],"isInner":false,"widgetType":"sina_title","elType":"widget"},{"id":"4f19dd18","settings":{"text":"get involve now","align":"center","typography_typography":"custom","typography_font_family":"Poppins","typography_font_size":{"unit":"px","size":16,"sizes":[]},"typography_font_weight":"600","typography_text_transform":"capitalize","background_color":"#FFA026","button_background_hover_color":"#D97A00","border_radius":{"unit":"px","top":"25","right":"25","bottom":"25","left":"25","isLinked":true},"text_padding":{"unit":"px","top":"19","right":"35","bottom":"19","left":"35","isLinked":false},"_padding":{"unit":"px","top":"20","right":"0","bottom":"0","left":"0","isLinked":false}},"elements":[],"isInner":false,"widgetType":"button","elType":"widget"}],"isInner":false,"elType":"column"}],"isInner":false,"elType":"section"}],"page_settings":[],"version":"0.4","title":"Campaigns List","type":"page"}