{"content":[{"id":"60e60a67","settings":{"background_background":"classic","background_image":{"url":"https:\/\/demo.bosathemes.com\/bosa\/charity-02\/wp-content\/uploads\/sites\/43\/2021\/04\/bosa-charity-img1.jpg","id":54},"background_position":"center center","background_repeat":"no-repeat","background_size":"cover","background_overlay_background":"classic","background_overlay_color":"#000000","background_overlay_opacity":{"unit":"px","size":0.59999999999999997779553950749686919152736663818359375,"sizes":[]},"padding":{"unit":"px","top":"100","right":"0","bottom":"100","left":"0","isLinked":false},"padding_tablet":{"unit":"px","top":"80","right":"0","bottom":"80","left":"0","isLinked":false},"padding_mobile":{"unit":"px","top":"60","right":"0","bottom":"70","left":"0","isLinked":false}},"elements":[{"id":"7cfa26b8","settings":{"_column_size":100,"_inline_size":null},"elements":[{"id":"51e65c9f","settings":{"title":"contact us","align":"center","title_color":"#FFFFFF","typography_typography":"custom","typography_font_family":"Playfair Display","typography_font_size":{"unit":"px","size":55,"sizes":[]},"typography_font_weight":"900","typography_text_transform":"capitalize","typography_line_height":{"unit":"em","size":1.1999999999999999555910790149937383830547332763671875,"sizes":[]},"typography_font_size_tablet":{"unit":"px","size":45,"sizes":[]},"typography_font_size_mobile":{"unit":"px","size":36,"sizes":[]}},"elements":[],"isInner":false,"widgetType":"heading","elType":"widget"}],"isInner":false,"elType":"column"}],"isInner":false,"elType":"section"},{"id":"13dd04c5","settings":{"layout":"full_width","gap":"no"},"elements":[{"id":"540e4f25","settings":{"_column_size":100,"_inline_size":null},"elements":[{"id":"36fa3d","settings":{"address":"London Eye, London, United Kingdom","height":{"unit":"px","size":400,"sizes":[]},"height_tablet":{"unit":"px","size":300,"sizes":[]}},"elements":[],"isInner":false,"widgetType":"google_maps","elType":"widget"}],"isInner":false,"elType":"column"}],"isInner":false,"elType":"section"},{"id":"3ee8c06a","settings":{"padding":{"unit":"px","top":"100","right":"0","bottom":"100","left":"0","isLinked":false},"padding_tablet":{"unit":"px","top":"80","right":"0","bottom":"80","left":"0","isLinked":false}},"elements":[{"id":"3ebb064d","settings":{"_column_size":100,"_inline_size":null,"padding_mobile":{"unit":"px","top":"0","right":"0","bottom":"0","left":"0","isLinked":false}},"elements":[{"id":"3607c6f8","settings":{"structure":"20"},"elements":[{"id":"54dad43c","settings":{"_column_size":50,"_inline_size":null,"_inline_size_tablet":100,"padding":{"unit":"px","top":"0","right":"50","bottom":"0","left":"0","isLinked":false},"padding_tablet":{"unit":"px","top":"0","right":"50","bottom":"0","left":"20","isLinked":false},"padding_mobile":{"unit":"px","top":"0","right":"15","bottom":"0","left":"15","isLinked":false}},"elements":[{"id":"3cec8717","settings":{"title":"Contact us","subtitle":"feel free to contact & reach us!","alignment":"left","title_typography_font_family":"Poppins","title_typography_font_size":{"unit":"px","size":16,"sizes":[]},"title_typography_text_transform":"uppercase","title_typography_line_height":{"unit":"px","size":"","sizes":[]},"title_color_color":"#FFA026","subtitle_typography_font_family":"Playfair Display","subtitle_typography_font_size":{"unit":"px","size":46,"sizes":[]},"subtitle_typography_font_weight":"900","subtitle_typography_text_transform":"capitalize","subtitle_typography_line_height":{"unit":"em","size":1.1999999999999999555910790149937383830547332763671875,"sizes":[]},"subtitle_color_color":"#25283A","subtitle_typography_font_size_tablet":{"unit":"px","size":35,"sizes":[]},"subtitle_typography_font_size_mobile":{"unit":"px","size":28,"sizes":[]},"desc":"Etiam! Veniam vulputate vero quam bibendum, metus tempor fringilla rutrum taciti odio rutrum quis, harum faucibus primis pellentesque, porro commod.","subtitle_margin":{"unit":"px","top":"0","right":"0","bottom":"15","left":"0","isLinked":false},"desc_typography_font_family":"Poppins","desc_typography_font_size":{"unit":"px","size":15,"sizes":[]},"desc_typography_font_weight":"300","desc_color":"#383838"},"elements":[],"isInner":false,"widgetType":"sina_title","elType":"widget"},{"id":"1908f9b8","settings":{"selected_icon":{"value":"fas fa-map-marker-alt","library":"fa-solid"},"view":"stacked","title_text":"Head office address:","description_text":"4671 Sugar Camp Road, Rock Street, San Francisco, United States America","position":"left","primary_color":"#FFA026","icon_space":{"unit":"px","size":20,"sizes":[]},"icon_size":{"unit":"px","size":35,"sizes":[]},"content_vertical_alignment":"middle","title_bottom_space":{"unit":"px","size":10,"sizes":[]},"title_color":"#25283A","title_typography_typography":"custom","title_typography_font_family":"Playfair Display","title_typography_font_size":{"unit":"px","size":20,"sizes":[]},"title_typography_font_weight":"800","title_typography_text_transform":"capitalize","description_color":"#383838","description_typography_typography":"custom","description_typography_font_family":"Poppins","description_typography_font_size":{"unit":"px","size":15,"sizes":[]},"description_typography_font_weight":"400","_padding":{"unit":"px","top":"20","right":"20","bottom":"20","left":"30","isLinked":false},"_padding_mobile":{"unit":"px","top":"30","right":"30","bottom":"30","left":"30","isLinked":true},"_border_border":"solid","_border_width":{"unit":"px","top":"1","right":"1","bottom":"1","left":"1","isLinked":true},"_border_color":"#FFA026","_border_radius":{"unit":"px","top":"20","right":"20","bottom":"20","left":"20","isLinked":true}},"elements":[],"isInner":false,"widgetType":"icon-box","elType":"widget"},{"id":"efcf94c","settings":{"selected_icon":{"value":"fas fa-phone-volume","library":"fa-solid"},"view":"stacked","title_text":"toll free Number:","description_text":"Mobile-no: 507-754-2294  \/\/  205-234-5590\nPhone-no: +(113) 526 255 \/\/  +(254) 255 699","position":"left","primary_color":"#FFA026","icon_space":{"unit":"px","size":20,"sizes":[]},"icon_size":{"unit":"px","size":35,"sizes":[]},"content_vertical_alignment":"middle","title_bottom_space":{"unit":"px","size":10,"sizes":[]},"title_color":"#25283A","title_typography_typography":"custom","title_typography_font_family":"Playfair Display","title_typography_font_size":{"unit":"px","size":20,"sizes":[]},"title_typography_font_weight":"800","title_typography_text_transform":"capitalize","description_color":"#383838","description_typography_typography":"custom","description_typography_font_family":"Poppins","description_typography_font_size":{"unit":"px","size":15,"sizes":[]},"description_typography_font_weight":"400","_padding":{"unit":"px","top":"20","right":"20","bottom":"20","left":"30","isLinked":false},"_padding_mobile":{"unit":"px","top":"30","right":"30","bottom":"30","left":"30","isLinked":true},"_border_border":"solid","_border_width":{"unit":"px","top":"1","right":"1","bottom":"1","left":"1","isLinked":true},"_border_color":"#FFA026","_border_radius":{"unit":"px","top":"20","right":"20","bottom":"20","left":"20","isLinked":true}},"elements":[],"isInner":false,"widgetType":"icon-box","elType":"widget"},{"id":"76fc5334","settings":{"selected_icon":{"value":"fas fa-envelope-open-text","library":"fa-solid"},"view":"stacked","title_text":"email address: ","description_text":"Website-url: www.example_1234.com \/\/ \nEmail-link: info@domain.com","position":"left","primary_color":"#FFA026","icon_space":{"unit":"px","size":20,"sizes":[]},"icon_size":{"unit":"px","size":35,"sizes":[]},"content_vertical_alignment":"middle","title_bottom_space":{"unit":"px","size":10,"sizes":[]},"title_color":"#25283A","title_typography_typography":"custom","title_typography_font_family":"Playfair Display","title_typography_font_size":{"unit":"px","size":20,"sizes":[]},"title_typography_font_weight":"800","title_typography_text_transform":"capitalize","description_color":"#383838","description_typography_typography":"custom","description_typography_font_family":"Poppins","description_typography_font_size":{"unit":"px","size":15,"sizes":[]},"description_typography_font_weight":"400","_padding":{"unit":"px","top":"20","right":"40","bottom":"20","left":"30","isLinked":false},"_padding_mobile":{"unit":"px","top":"30","right":"30","bottom":"30","left":"30","isLinked":true},"_border_border":"solid","_border_width":{"unit":"px","top":"1","right":"1","bottom":"1","left":"1","isLinked":true},"_border_color":"#FFA026","_border_radius":{"unit":"px","top":"20","right":"20","bottom":"20","left":"20","isLinked":true}},"elements":[],"isInner":false,"widgetType":"icon-box","elType":"widget"}],"isInner":true,"elType":"column"},{"id":"476fea2c","settings":{"_column_size":50,"_inline_size":null,"_inline_size_tablet":100,"content_position":"center","padding_tablet":{"unit":"px","top":"50","right":"50","bottom":"0","left":"20","isLinked":false},"padding_mobile":{"unit":"px","top":"50","right":"15","bottom":"0","left":"15","isLinked":false}},"elements":[{"id":"46f9273e","settings":[],"elements":[{"id":"7ceb6642","settings":{"_column_size":100,"_inline_size":null,"background_background":"classic","background_image":{"url":"https:\/\/demo.bosathemes.com\/bosa\/charity-02\/wp-content\/uploads\/sites\/43\/2021\/04\/bosa-charity-img3.jpg","id":52},"background_position":"center center","background_repeat":"no-repeat","background_size":"cover","background_overlay_background":"classic","background_overlay_color":"#FFA026","background_overlay_opacity":{"unit":"px","size":0.40000000000000002220446049250313080847263336181640625,"sizes":[]},"border_radius":{"unit":"px","top":"20","right":"20","bottom":"20","left":"20","isLinked":true},"padding":{"unit":"px","top":"80","right":"25","bottom":"80","left":"25","isLinked":false},"padding_mobile":{"unit":"px","top":"40","right":"10","bottom":"50","left":"10","isLinked":false}},"elements":[{"id":"6d575956","settings":{"shortcode":"[contact-form-7 id=\"66\" title=\"home-contact\"]","_element_id":"bosa-ngo-callback-form"},"elements":[],"isInner":false,"widgetType":"shortcode","elType":"widget"}],"isInner":true,"elType":"column"}],"isInner":true,"elType":"section"}],"isInner":true,"elType":"column"}],"isInner":true,"elType":"section"}],"isInner":false,"elType":"column"}],"isInner":false,"elType":"section"}],"page_settings":[],"version":"0.4","title":"Contact Us Bosa","type":"page"}