{"content":[{"id":"51ee4b4c","settings":{"background_background":"classic","background_image":{"url":"https:\/\/demo.bosathemes.com\/bosa\/charity-02\/wp-content\/uploads\/sites\/43\/2021\/04\/bosa-charity-img1.jpg","id":54},"background_position":"center center","background_repeat":"no-repeat","background_size":"cover","background_overlay_background":"classic","background_overlay_color":"#000000","background_overlay_opacity":{"unit":"px","size":0.59999999999999997779553950749686919152736663818359375,"sizes":[]},"padding":{"unit":"px","top":"100","right":"0","bottom":"100","left":"0","isLinked":false},"padding_tablet":{"unit":"px","top":"80","right":"0","bottom":"80","left":"0","isLinked":false},"padding_mobile":{"unit":"px","top":"60","right":"0","bottom":"70","left":"0","isLinked":false}},"elements":[{"id":"60018f5a","settings":{"_column_size":100,"_inline_size":null},"elements":[{"id":"681e7b4b","settings":{"title":"events","align":"center","title_color":"#FFFFFF","typography_typography":"custom","typography_font_family":"Playfair Display","typography_font_size":{"unit":"px","size":55,"sizes":[]},"typography_font_weight":"900","typography_text_transform":"capitalize","typography_line_height":{"unit":"em","size":1.1999999999999999555910790149937383830547332763671875,"sizes":[]},"typography_font_size_tablet":{"unit":"px","size":45,"sizes":[]},"typography_font_size_mobile":{"unit":"px","size":36,"sizes":[]}},"elements":[],"isInner":false,"widgetType":"heading","elType":"widget"}],"isInner":false,"elType":"column"}],"isInner":false,"elType":"section"},{"id":"ad53e2b","settings":{"background_background":"classic","background_color":"#F8FAFF","padding":{"unit":"px","top":"100","right":"0","bottom":"100","left":"0","isLinked":false},"padding_tablet":{"unit":"px","top":"80","right":"0","bottom":"80","left":"0","isLinked":false}},"elements":[{"id":"217c39b6","settings":{"_column_size":100,"_inline_size":null},"elements":[{"id":"415360ae","settings":{"structure":"20"},"elements":[{"id":"17da122b","settings":{"_column_size":50,"_inline_size":null,"space_between_widgets":0,"background_background":"classic","background_image":{"url":"https:\/\/demo.bosathemes.com\/bosa\/charity-02\/wp-content\/uploads\/sites\/43\/2021\/04\/bosa-charity-img3.jpg","id":52},"background_position":"center center","background_repeat":"no-repeat","background_size":"cover","background_overlay_background":"classic","background_overlay_color":"#000000","background_overlay_opacity":{"unit":"px","size":0.59999999999999997779553950749686919152736663818359375,"sizes":[]},"border_radius":{"unit":"px","top":"20","right":"20","bottom":"20","left":"20","isLinked":true},"margin":{"unit":"px","top":"15","right":"15","bottom":"15","left":"15","isLinked":true},"padding":{"unit":"px","top":"20","right":"20","bottom":"50","left":"40","isLinked":false},"_inline_size_tablet":100,"margin_mobile":{"unit":"px","top":"0","right":"0","bottom":"30","left":"0","isLinked":false},"padding_mobile":{"unit":"px","top":"20","right":"10","bottom":"50","left":"20","isLinked":false}},"elements":[{"id":"793c3f8a","settings":{"structure":"20"},"elements":[{"id":"22536b10","settings":{"_column_size":50,"_inline_size":80,"_inline_size_mobile":60},"elements":[],"isInner":true,"elType":"column"},{"id":"18057362","settings":{"_column_size":50,"_inline_size":20,"content_position":"center","background_background":"classic","background_color":"#FFA026","border_width":{"unit":"px","top":"2","right":"2","bottom":"2","left":"2","isLinked":true},"border_color":"#FFA026","border_radius":{"unit":"px","top":"15","right":"15","bottom":"15","left":"15","isLinked":true},"margin":{"unit":"px","top":"5","right":"5","bottom":"5","left":"5","isLinked":true},"padding":{"unit":"px","top":"12","right":"12","bottom":"12","left":"12","isLinked":true},"_inline_size_mobile":40},"elements":[{"id":"5913b615","settings":{"title":"15th","subtitle":"may","title_typography_font_family":"Playfair Display","title_typography_font_size":{"unit":"px","size":24,"sizes":[]},"title_typography_font_weight":"900","title_typography_text_transform":"lowercase","title_typography_line_height":{"unit":"em","size":"","sizes":[]},"title_color_color":"#FFFFFF","title_margin":{"unit":"px","top":"0","right":"0","bottom":"2","left":"0","isLinked":false},"subtitle_typography_font_family":"Playfair Display","subtitle_typography_font_size":{"unit":"px","size":16,"sizes":[]},"subtitle_typography_font_weight":"700","subtitle_typography_text_transform":"uppercase","subtitle_typography_line_height":{"unit":"em","size":1.1999999999999999555910790149937383830547332763671875,"sizes":[]},"subtitle_color_color":"#FFFFFF","subtitle_margin":{"unit":"px","top":"0","right":"0","bottom":"0","left":"0","isLinked":false},"desc_typography_font_family":"Poppins","desc_typography_font_size":{"unit":"px","size":15,"sizes":[]},"desc_typography_font_weight":"400","desc_typography_line_height":{"unit":"px","size":"","sizes":[]},"desc_typography_text_transform":"uppercase"},"elements":[],"isInner":false,"widgetType":"sina_title","elType":"widget"}],"isInner":true,"elType":"column"}],"isInner":true,"elType":"section"},{"id":"7bace7ce","settings":{"space":{"unit":"px","size":70,"sizes":[]}},"elements":[],"isInner":false,"widgetType":"spacer","elType":"widget"},{"id":"5aa32113","settings":{"title":"Poor People\u2019s donation Campaign","align":"left","title_color":"#FFFFFF","typography_typography":"custom","typography_font_family":"Poppins","typography_font_size":{"unit":"px","size":25,"sizes":[]},"typography_font_weight":"600","typography_text_transform":"capitalize","typography_line_height":{"unit":"em","size":1.1999999999999999555910790149937383830547332763671875,"sizes":[]},"link":{"url":"#","is_external":"","nofollow":"","custom_attributes":""},"typography_font_size_mobile":{"unit":"px","size":22,"sizes":[]}},"elements":[],"isInner":false,"widgetType":"heading","elType":"widget"},{"id":"6ca339eb","settings":{"view":"inline","icon_list":[{"text":"8:00 am - 12:30 pm","selected_icon":{"value":"far fa-clock","library":"fa-regular"},"_id":"b82f766"},{"text":"London park, England","selected_icon":{"value":"fas fa-map-marker-alt","library":"fa-solid"},"_id":"899867a"}],"space_between":{"unit":"px","size":15,"sizes":[]},"icon_color":"#FFA026","icon_size":{"unit":"px","size":15,"sizes":[]},"text_color":"#FFFFFF","icon_typography_typography":"custom","icon_typography_font_family":"Poppins","icon_typography_font_size":{"unit":"px","size":13,"sizes":[]},"icon_typography_font_weight":"400","_padding":{"unit":"px","top":"10","right":"0","bottom":"20","left":"0","isLinked":false},"icon_align_mobile":"left"},"elements":[],"isInner":false,"widgetType":"icon-list","elType":"widget"},{"id":"7113141","settings":{"editor":"<p>Hic commodo odio pharetra magni aliquet posuere aptent mus leo class urna. Eum diamlorem, netus posuere aptent mus.<\/p>","align":"left","text_color":"#FFFFFF","typography_typography":"custom","typography_font_family":"Poppins","typography_font_size":{"unit":"px","size":15,"sizes":[]},"typography_font_weight":"400","_margin":{"unit":"px","top":"-5","right":"0","bottom":"0","left":"0","isLinked":false}},"elements":[],"isInner":false,"widgetType":"text-editor","elType":"widget"},{"id":"77c601de","settings":{"gap":"no","padding":{"unit":"px","top":"10","right":"0","bottom":"0","left":"0","isLinked":false}},"elements":[{"id":"66caff8b","settings":{"_column_size":100,"_inline_size":null,"_inline_size_mobile":51},"elements":[{"id":"b52ff8c","settings":{"text":"view details","align":"left","typography_typography":"custom","typography_font_family":"Poppins","typography_font_size":{"unit":"px","size":15,"sizes":[]},"typography_font_weight":"600","typography_text_transform":"capitalize","button_text_color":"#FFA026","background_color":"#FFA02600","hover_color":"#FFFFFF","button_background_hover_color":"#D97A00","button_hover_border_color":"#D97A00","border_border":"solid","border_width":{"unit":"px","top":"2","right":"2","bottom":"2","left":"2","isLinked":true},"border_color":"#FFA026","border_radius":{"unit":"px","top":"25","right":"25","bottom":"25","left":"25","isLinked":true},"text_padding":{"unit":"px","top":"16","right":"30","bottom":"16","left":"30","isLinked":false},"text_padding_mobile":{"unit":"px","top":"15","right":"18","bottom":"15","left":"18","isLinked":false}},"elements":[],"isInner":false,"widgetType":"button","elType":"widget"}],"isInner":true,"elType":"column"}],"isInner":true,"elType":"section"}],"isInner":true,"elType":"column"},{"id":"5ead2ad0","settings":{"_column_size":50,"_inline_size":null,"space_between_widgets":0,"background_background":"classic","background_image":{"url":"https:\/\/demo.bosathemes.com\/bosa\/charity-02\/wp-content\/uploads\/sites\/43\/2021\/04\/bosa-charity-img10.jpg","id":39},"background_position":"center center","background_repeat":"no-repeat","background_size":"cover","background_overlay_background":"classic","background_overlay_color":"#000000","background_overlay_opacity":{"unit":"px","size":0.59999999999999997779553950749686919152736663818359375,"sizes":[]},"border_radius":{"unit":"px","top":"20","right":"20","bottom":"20","left":"20","isLinked":true},"margin":{"unit":"px","top":"15","right":"15","bottom":"15","left":"15","isLinked":true},"padding":{"unit":"px","top":"20","right":"20","bottom":"50","left":"40","isLinked":false},"_inline_size_tablet":100,"margin_mobile":{"unit":"px","top":"0","right":"0","bottom":"0","left":"0","isLinked":false},"padding_mobile":{"unit":"px","top":"20","right":"10","bottom":"50","left":"20","isLinked":false}},"elements":[{"id":"6c4a09cb","settings":{"structure":"20"},"elements":[{"id":"4033b84f","settings":{"_column_size":50,"_inline_size":80,"_inline_size_mobile":60},"elements":[],"isInner":true,"elType":"column"},{"id":"14df8e41","settings":{"_column_size":50,"_inline_size":20,"content_position":"center","background_background":"classic","background_color":"#FFA026","border_width":{"unit":"px","top":"2","right":"2","bottom":"2","left":"2","isLinked":true},"border_color":"#FFA026","border_radius":{"unit":"px","top":"15","right":"15","bottom":"15","left":"15","isLinked":true},"margin":{"unit":"px","top":"5","right":"5","bottom":"5","left":"5","isLinked":true},"padding":{"unit":"px","top":"12","right":"12","bottom":"12","left":"12","isLinked":true},"_inline_size_mobile":40},"elements":[{"id":"1dcae454","settings":{"title":"27th","subtitle":"jun","title_typography_font_family":"Playfair Display","title_typography_font_size":{"unit":"px","size":24,"sizes":[]},"title_typography_font_weight":"900","title_typography_text_transform":"lowercase","title_typography_line_height":{"unit":"em","size":"","sizes":[]},"title_color_color":"#FFFFFF","title_margin":{"unit":"px","top":"0","right":"0","bottom":"2","left":"0","isLinked":false},"subtitle_typography_font_family":"Playfair Display","subtitle_typography_font_size":{"unit":"px","size":16,"sizes":[]},"subtitle_typography_font_weight":"700","subtitle_typography_text_transform":"uppercase","subtitle_typography_line_height":{"unit":"em","size":1.1999999999999999555910790149937383830547332763671875,"sizes":[]},"subtitle_color_color":"#FFFFFF","subtitle_margin":{"unit":"px","top":"0","right":"0","bottom":"0","left":"0","isLinked":false},"desc_typography_font_family":"Poppins","desc_typography_font_size":{"unit":"px","size":15,"sizes":[]},"desc_typography_font_weight":"400","desc_typography_line_height":{"unit":"px","size":"","sizes":[]},"desc_typography_text_transform":"uppercase"},"elements":[],"isInner":false,"widgetType":"sina_title","elType":"widget"}],"isInner":true,"elType":"column"}],"isInner":true,"elType":"section"},{"id":"105f032f","settings":{"space":{"unit":"px","size":70,"sizes":[]}},"elements":[],"isInner":false,"widgetType":"spacer","elType":"widget"},{"id":"2e0bdf10","settings":{"title":"Boosting Social chariy NGOs","align":"left","title_color":"#FFFFFF","typography_typography":"custom","typography_font_family":"Poppins","typography_font_size":{"unit":"px","size":25,"sizes":[]},"typography_font_weight":"600","typography_text_transform":"capitalize","typography_line_height":{"unit":"em","size":1.1999999999999999555910790149937383830547332763671875,"sizes":[]},"link":{"url":"#","is_external":"","nofollow":"","custom_attributes":""},"typography_font_size_mobile":{"unit":"px","size":22,"sizes":[]}},"elements":[],"isInner":false,"widgetType":"heading","elType":"widget"},{"id":"2b13c680","settings":{"view":"inline","icon_list":[{"text":"10:00 am - 2:30 pm","selected_icon":{"value":"far fa-clock","library":"fa-regular"},"_id":"b82f766"},{"text":"San Francisco, USA","selected_icon":{"value":"fas fa-map-marker-alt","library":"fa-solid"},"_id":"899867a"}],"space_between":{"unit":"px","size":15,"sizes":[]},"icon_color":"#FFA026","icon_size":{"unit":"px","size":15,"sizes":[]},"text_color":"#FFFFFF","icon_typography_typography":"custom","icon_typography_font_family":"Poppins","icon_typography_font_size":{"unit":"px","size":13,"sizes":[]},"icon_typography_font_weight":"400","_padding":{"unit":"px","top":"10","right":"0","bottom":"20","left":"0","isLinked":false}},"elements":[],"isInner":false,"widgetType":"icon-list","elType":"widget"},{"id":"47307492","settings":{"editor":"<p>Hic commodo odio pharetra magni aliquet posuere aptent mus leo class urna. Eum diamlorem, netus posuere aptent mus.<\/p>","align":"left","text_color":"#FFFFFF","typography_typography":"custom","typography_font_family":"Poppins","typography_font_size":{"unit":"px","size":15,"sizes":[]},"typography_font_weight":"400","_margin":{"unit":"px","top":"-5","right":"0","bottom":"0","left":"0","isLinked":false}},"elements":[],"isInner":false,"widgetType":"text-editor","elType":"widget"},{"id":"3cd8c35b","settings":{"gap":"no","padding":{"unit":"px","top":"10","right":"0","bottom":"0","left":"0","isLinked":false}},"elements":[{"id":"2fd8090","settings":{"_column_size":100,"_inline_size":null,"_inline_size_mobile":51},"elements":[{"id":"4f8da9fd","settings":{"text":"view details","align":"left","typography_typography":"custom","typography_font_family":"Poppins","typography_font_size":{"unit":"px","size":15,"sizes":[]},"typography_font_weight":"600","typography_text_transform":"capitalize","button_text_color":"#FFA026","background_color":"#FFA02600","hover_color":"#FFFFFF","button_background_hover_color":"#D97A00","button_hover_border_color":"#D97A00","border_border":"solid","border_width":{"unit":"px","top":"2","right":"2","bottom":"2","left":"2","isLinked":true},"border_color":"#FFA026","border_radius":{"unit":"px","top":"25","right":"25","bottom":"25","left":"25","isLinked":true},"text_padding":{"unit":"px","top":"16","right":"30","bottom":"16","left":"30","isLinked":false},"text_padding_mobile":{"unit":"px","top":"15","right":"18","bottom":"15","left":"18","isLinked":false}},"elements":[],"isInner":false,"widgetType":"button","elType":"widget"}],"isInner":true,"elType":"column"}],"isInner":true,"elType":"section"}],"isInner":true,"elType":"column"}],"isInner":true,"elType":"section"},{"id":"7f8397e5","settings":{"structure":"20","margin_mobile":{"unit":"px","top":"25","right":0,"bottom":"0","left":0,"isLinked":false}},"elements":[{"id":"17459882","settings":{"_column_size":50,"_inline_size":null,"space_between_widgets":0,"background_background":"classic","background_image":{"url":"https:\/\/demo.bosathemes.com\/bosa\/charity-02\/wp-content\/uploads\/sites\/43\/2021\/04\/bosa-charity-img21.jpg","id":34},"background_position":"center center","background_repeat":"no-repeat","background_size":"cover","background_overlay_background":"classic","background_overlay_color":"#000000","background_overlay_opacity":{"unit":"px","size":0.59999999999999997779553950749686919152736663818359375,"sizes":[]},"border_radius":{"unit":"px","top":"20","right":"20","bottom":"20","left":"20","isLinked":true},"margin":{"unit":"px","top":"15","right":"15","bottom":"15","left":"15","isLinked":true},"padding":{"unit":"px","top":"20","right":"20","bottom":"50","left":"40","isLinked":false},"_inline_size_tablet":100,"margin_mobile":{"unit":"px","top":"0","right":"0","bottom":"30","left":"0","isLinked":false},"padding_mobile":{"unit":"px","top":"20","right":"10","bottom":"50","left":"20","isLinked":false}},"elements":[{"id":"7f7d5924","settings":{"structure":"20"},"elements":[{"id":"12788493","settings":{"_column_size":50,"_inline_size":80,"_inline_size_mobile":60},"elements":[],"isInner":true,"elType":"column"},{"id":"15040f10","settings":{"_column_size":50,"_inline_size":20,"content_position":"center","background_background":"classic","background_color":"#FFA026","border_width":{"unit":"px","top":"2","right":"2","bottom":"2","left":"2","isLinked":true},"border_color":"#FFA026","border_radius":{"unit":"px","top":"15","right":"15","bottom":"15","left":"15","isLinked":true},"margin":{"unit":"px","top":"5","right":"5","bottom":"5","left":"5","isLinked":true},"padding":{"unit":"px","top":"12","right":"12","bottom":"12","left":"12","isLinked":true},"_inline_size_mobile":40},"elements":[{"id":"5abc2beb","settings":{"title":"22th","subtitle":"may","title_typography_font_family":"Playfair Display","title_typography_font_size":{"unit":"px","size":24,"sizes":[]},"title_typography_font_weight":"900","title_typography_text_transform":"lowercase","title_typography_line_height":{"unit":"em","size":"","sizes":[]},"title_color_color":"#FFFFFF","title_margin":{"unit":"px","top":"0","right":"0","bottom":"2","left":"0","isLinked":false},"subtitle_typography_font_family":"Playfair Display","subtitle_typography_font_size":{"unit":"px","size":16,"sizes":[]},"subtitle_typography_font_weight":"700","subtitle_typography_text_transform":"uppercase","subtitle_typography_line_height":{"unit":"em","size":1.1999999999999999555910790149937383830547332763671875,"sizes":[]},"subtitle_color_color":"#FFFFFF","subtitle_margin":{"unit":"px","top":"0","right":"0","bottom":"0","left":"0","isLinked":false},"desc_typography_font_family":"Poppins","desc_typography_font_size":{"unit":"px","size":15,"sizes":[]},"desc_typography_font_weight":"400","desc_typography_line_height":{"unit":"px","size":"","sizes":[]},"desc_typography_text_transform":"uppercase"},"elements":[],"isInner":false,"widgetType":"sina_title","elType":"widget"}],"isInner":true,"elType":"column"}],"isInner":true,"elType":"section"},{"id":"7488063c","settings":{"space":{"unit":"px","size":70,"sizes":[]}},"elements":[],"isInner":false,"widgetType":"spacer","elType":"widget"},{"id":"69622fdb","settings":{"title":"One-Day Online Fundraiser","align":"left","title_color":"#FFFFFF","typography_typography":"custom","typography_font_family":"Poppins","typography_font_size":{"unit":"px","size":25,"sizes":[]},"typography_font_weight":"600","typography_text_transform":"capitalize","typography_line_height":{"unit":"em","size":1.1999999999999999555910790149937383830547332763671875,"sizes":[]},"link":{"url":"#","is_external":"","nofollow":"","custom_attributes":""},"typography_font_size_mobile":{"unit":"px","size":22,"sizes":[]}},"elements":[],"isInner":false,"widgetType":"heading","elType":"widget"},{"id":"6e17b23a","settings":{"view":"inline","icon_list":[{"text":"8:00 am - 12:30 pm","selected_icon":{"value":"far fa-clock","library":"fa-regular"},"_id":"b82f766"},{"text":"London park, England","selected_icon":{"value":"fas fa-map-marker-alt","library":"fa-solid"},"_id":"899867a"}],"space_between":{"unit":"px","size":15,"sizes":[]},"icon_color":"#FFA026","icon_size":{"unit":"px","size":15,"sizes":[]},"text_color":"#FFFFFF","icon_typography_typography":"custom","icon_typography_font_family":"Poppins","icon_typography_font_size":{"unit":"px","size":13,"sizes":[]},"icon_typography_font_weight":"400","_padding":{"unit":"px","top":"10","right":"0","bottom":"20","left":"0","isLinked":false},"icon_align_mobile":"left"},"elements":[],"isInner":false,"widgetType":"icon-list","elType":"widget"},{"id":"3074b5ef","settings":{"editor":"<p>Hic commodo odio pharetra magni aliquet posuere aptent mus leo class urna. Eum diamlorem, netus posuere aptent mus.<\/p>","align":"left","text_color":"#FFFFFF","typography_typography":"custom","typography_font_family":"Poppins","typography_font_size":{"unit":"px","size":15,"sizes":[]},"typography_font_weight":"400","_margin":{"unit":"px","top":"-5","right":"0","bottom":"0","left":"0","isLinked":false}},"elements":[],"isInner":false,"widgetType":"text-editor","elType":"widget"},{"id":"685652f2","settings":{"gap":"no","padding":{"unit":"px","top":"10","right":"0","bottom":"0","left":"0","isLinked":false}},"elements":[{"id":"169f76e","settings":{"_column_size":100,"_inline_size":null,"_inline_size_mobile":51},"elements":[{"id":"21b3287c","settings":{"text":"view details","align":"left","typography_typography":"custom","typography_font_family":"Poppins","typography_font_size":{"unit":"px","size":15,"sizes":[]},"typography_font_weight":"600","typography_text_transform":"capitalize","button_text_color":"#FFA026","background_color":"#FFA02600","hover_color":"#FFFFFF","button_background_hover_color":"#D97A00","button_hover_border_color":"#D97A00","border_border":"solid","border_width":{"unit":"px","top":"2","right":"2","bottom":"2","left":"2","isLinked":true},"border_color":"#FFA026","border_radius":{"unit":"px","top":"25","right":"25","bottom":"25","left":"25","isLinked":true},"text_padding":{"unit":"px","top":"16","right":"30","bottom":"16","left":"30","isLinked":false},"text_padding_mobile":{"unit":"px","top":"15","right":"18","bottom":"15","left":"18","isLinked":false}},"elements":[],"isInner":false,"widgetType":"button","elType":"widget"}],"isInner":true,"elType":"column"}],"isInner":true,"elType":"section"}],"isInner":true,"elType":"column"},{"id":"7c050828","settings":{"_column_size":50,"_inline_size":null,"space_between_widgets":0,"background_background":"classic","background_image":{"url":"https:\/\/demo.bosathemes.com\/bosa\/charity-02\/wp-content\/uploads\/sites\/43\/2021\/04\/bosa-charity-img9.jpg","id":40},"background_position":"center center","background_repeat":"no-repeat","background_size":"cover","background_overlay_background":"classic","background_overlay_color":"#000000","background_overlay_opacity":{"unit":"px","size":0.59999999999999997779553950749686919152736663818359375,"sizes":[]},"border_radius":{"unit":"px","top":"20","right":"20","bottom":"20","left":"20","isLinked":true},"margin":{"unit":"px","top":"15","right":"15","bottom":"15","left":"15","isLinked":true},"padding":{"unit":"px","top":"20","right":"20","bottom":"50","left":"40","isLinked":false},"_inline_size_tablet":100,"margin_mobile":{"unit":"px","top":"0","right":"0","bottom":"0","left":"0","isLinked":false},"padding_mobile":{"unit":"px","top":"20","right":"10","bottom":"50","left":"20","isLinked":false}},"elements":[{"id":"1e44daf5","settings":{"structure":"20"},"elements":[{"id":"27353085","settings":{"_column_size":50,"_inline_size":80,"_inline_size_mobile":60},"elements":[],"isInner":true,"elType":"column"},{"id":"103834b8","settings":{"_column_size":50,"_inline_size":20,"content_position":"center","background_background":"classic","background_color":"#FFA026","border_width":{"unit":"px","top":"2","right":"2","bottom":"2","left":"2","isLinked":true},"border_color":"#FFA026","border_radius":{"unit":"px","top":"15","right":"15","bottom":"15","left":"15","isLinked":true},"margin":{"unit":"px","top":"5","right":"5","bottom":"5","left":"5","isLinked":true},"padding":{"unit":"px","top":"12","right":"12","bottom":"12","left":"12","isLinked":true},"_inline_size_mobile":40},"elements":[{"id":"2ab1e1c8","settings":{"title":"10th","subtitle":"jul","title_typography_font_family":"Playfair Display","title_typography_font_size":{"unit":"px","size":24,"sizes":[]},"title_typography_font_weight":"900","title_typography_text_transform":"lowercase","title_typography_line_height":{"unit":"em","size":"","sizes":[]},"title_color_color":"#FFFFFF","title_margin":{"unit":"px","top":"0","right":"0","bottom":"2","left":"0","isLinked":false},"subtitle_typography_font_family":"Playfair Display","subtitle_typography_font_size":{"unit":"px","size":16,"sizes":[]},"subtitle_typography_font_weight":"700","subtitle_typography_text_transform":"uppercase","subtitle_typography_line_height":{"unit":"em","size":1.1999999999999999555910790149937383830547332763671875,"sizes":[]},"subtitle_color_color":"#FFFFFF","subtitle_margin":{"unit":"px","top":"0","right":"0","bottom":"0","left":"0","isLinked":false},"desc_typography_font_family":"Poppins","desc_typography_font_size":{"unit":"px","size":15,"sizes":[]},"desc_typography_font_weight":"400","desc_typography_line_height":{"unit":"px","size":"","sizes":[]},"desc_typography_text_transform":"uppercase"},"elements":[],"isInner":false,"widgetType":"sina_title","elType":"widget"}],"isInner":true,"elType":"column"}],"isInner":true,"elType":"section"},{"id":"351525ed","settings":{"space":{"unit":"px","size":70,"sizes":[]}},"elements":[],"isInner":false,"widgetType":"spacer","elType":"widget"},{"id":"1e973238","settings":{"title":"poverty\u2019s Campaign Resources","align":"left","title_color":"#FFFFFF","typography_typography":"custom","typography_font_family":"Poppins","typography_font_size":{"unit":"px","size":25,"sizes":[]},"typography_font_weight":"600","typography_text_transform":"capitalize","typography_line_height":{"unit":"em","size":1.1999999999999999555910790149937383830547332763671875,"sizes":[]},"link":{"url":"#","is_external":"","nofollow":"","custom_attributes":""},"typography_font_size_mobile":{"unit":"px","size":22,"sizes":[]}},"elements":[],"isInner":false,"widgetType":"heading","elType":"widget"},{"id":"54acfccb","settings":{"view":"inline","icon_list":[{"text":"10:00 am - 2:30 pm","selected_icon":{"value":"far fa-clock","library":"fa-regular"},"_id":"b82f766"},{"text":"San Francisco, USA","selected_icon":{"value":"fas fa-map-marker-alt","library":"fa-solid"},"_id":"899867a"}],"space_between":{"unit":"px","size":15,"sizes":[]},"icon_color":"#FFA026","icon_size":{"unit":"px","size":15,"sizes":[]},"text_color":"#FFFFFF","icon_typography_typography":"custom","icon_typography_font_family":"Poppins","icon_typography_font_size":{"unit":"px","size":13,"sizes":[]},"icon_typography_font_weight":"400","_padding":{"unit":"px","top":"10","right":"0","bottom":"20","left":"0","isLinked":false}},"elements":[],"isInner":false,"widgetType":"icon-list","elType":"widget"},{"id":"1b903d49","settings":{"editor":"<p>Hic commodo odio pharetra magni aliquet posuere aptent mus leo class urna. Eum diamlorem, netus posuere aptent mus.<\/p>","align":"left","text_color":"#FFFFFF","typography_typography":"custom","typography_font_family":"Poppins","typography_font_size":{"unit":"px","size":15,"sizes":[]},"typography_font_weight":"400","_margin":{"unit":"px","top":"-5","right":"0","bottom":"0","left":"0","isLinked":false}},"elements":[],"isInner":false,"widgetType":"text-editor","elType":"widget"},{"id":"6876fc40","settings":{"gap":"no","padding":{"unit":"px","top":"10","right":"0","bottom":"0","left":"0","isLinked":false}},"elements":[{"id":"2325fe85","settings":{"_column_size":100,"_inline_size":null,"_inline_size_mobile":51},"elements":[{"id":"786025e8","settings":{"text":"view details","align":"left","typography_typography":"custom","typography_font_family":"Poppins","typography_font_size":{"unit":"px","size":15,"sizes":[]},"typography_font_weight":"600","typography_text_transform":"capitalize","button_text_color":"#FFA026","background_color":"#FFA02600","hover_color":"#FFFFFF","button_background_hover_color":"#D97A00","button_hover_border_color":"#D97A00","border_border":"solid","border_width":{"unit":"px","top":"2","right":"2","bottom":"2","left":"2","isLinked":true},"border_color":"#FFA026","border_radius":{"unit":"px","top":"25","right":"25","bottom":"25","left":"25","isLinked":true},"text_padding":{"unit":"px","top":"16","right":"30","bottom":"16","left":"30","isLinked":false},"text_padding_mobile":{"unit":"px","top":"15","right":"18","bottom":"15","left":"18","isLinked":false}},"elements":[],"isInner":false,"widgetType":"button","elType":"widget"}],"isInner":true,"elType":"column"}],"isInner":true,"elType":"section"}],"isInner":true,"elType":"column"}],"isInner":true,"elType":"section"}],"isInner":false,"elType":"column"}],"isInner":false,"elType":"section"},{"id":"4b29e90e","settings":{"background_background":"classic","background_position":"center center","background_repeat":"no-repeat","background_size":"cover","padding":{"unit":"px","top":"100","right":"0","bottom":"100","left":"0","isLinked":false},"padding_tablet":{"unit":"px","top":"70","right":"0","bottom":"80","left":"0","isLinked":false}},"elements":[{"id":"3778fbb6","settings":{"_column_size":100,"_inline_size":null},"elements":[{"id":"6b58b3c5","settings":{"title":"keep updated","subtitle":"join our newsletter to follow closely all news and updates","title_typography_font_family":"Poppins","title_typography_font_size":{"unit":"px","size":16,"sizes":[]},"title_typography_text_transform":"uppercase","title_typography_line_height":{"unit":"px","size":"","sizes":[]},"title_color_color":"#FFA026","subtitle_typography_font_family":"Playfair Display","subtitle_typography_font_size":{"unit":"px","size":46,"sizes":[]},"subtitle_typography_font_weight":"900","subtitle_typography_text_transform":"capitalize","subtitle_typography_line_height":{"unit":"em","size":1.1999999999999999555910790149937383830547332763671875,"sizes":[]},"subtitle_color_color":"#25283A","subtitle_typography_font_size_tablet":{"unit":"px","size":35,"sizes":[]},"subtitle_typography_font_size_mobile":{"unit":"px","size":28,"sizes":[]},"subtitle_margin":{"unit":"px","top":"0","right":"100","bottom":"5","left":"100","isLinked":false},"subtitle_margin_tablet":{"unit":"px","top":"0","right":"0","bottom":"0","left":"0","isLinked":false}},"elements":[],"isInner":false,"widgetType":"sina_title","elType":"widget"},{"id":"626867b9","settings":{"email_placeholder":"Enter Email","successs_message":"Thanks for subscribed!","fname_placeholder":"Enter First Name","lname_placeholder":"Enter Last Name","phone_placeholder":"Enter Phone Number","btn_text":"Subscribe","placeholder_color":"#FFFFFF","fields_typography_font_family":"Poppins","fields_typography_line_height":{"unit":"px","size":"","sizes":[]},"color":"#FFFFFF","background":"#FFFFFF00","border_width":{"unit":"px","top":"0","right":"0","bottom":"0","left":"0","isLinked":true},"border_color":"#1085E400","fields_padding":{"unit":"px","top":"10","right":"12","bottom":"10","left":"20","isLinked":false},"fields_padding_mobile":{"unit":"px","top":"0","right":"0","bottom":"0","left":"10","isLinked":false},"fields_margin":{"unit":"px","top":"10","right":"0","bottom":"10","left":"0","isLinked":false},"fields_margin_mobile":{"unit":"px","top":"8","right":"0","bottom":"8","left":"0","isLinked":false},"email_width":{"unit":"%","size":76,"sizes":[]},"email_width_tablet":{"unit":"%","size":72,"sizes":[]},"email_width_mobile":{"unit":"%","size":58,"sizes":[]},"btn_typography_font_family":"Poppins","btn_typography_font_weight":"500","btn_typography_line_height":{"unit":"px","size":"","sizes":[]},"btn_bg_color":"#1085E400","btn_border_border":"solid","btn_border_width":{"unit":"px","top":"2","right":"2","bottom":"2","left":"2","isLinked":true},"btn_hover_color":"#FFFFFF","btn_hover_bg_background":"classic","btn_hover_bg_color":"#D97A00","btn_hover_border":"#D97A00","btn_radius":{"unit":"px","top":"25","right":"25","bottom":"25","left":"25","isLinked":true},"btn_padding":{"unit":"px","top":"15","right":"30","bottom":"15","left":"30","isLinked":false},"btn_padding_mobile":{"unit":"px","top":"11","right":"20","bottom":"11","left":"20","isLinked":false},"btn_margin":{"unit":"px","top":"0","right":"0","bottom":"0","left":"0","isLinked":false},"_margin":{"unit":"px","top":"10","right":"230","bottom":"0","left":"230","isLinked":false},"_margin_tablet":{"unit":"px","top":"0","right":"80","bottom":"0","left":"80","isLinked":false},"_margin_mobile":{"unit":"px","top":"0","right":"0","bottom":"0","left":"0","isLinked":false},"_background_background":"classic","_background_color":"#FFA026","_border_radius":{"unit":"px","top":"35","right":"35","bottom":"35","left":"35","isLinked":true}},"elements":[],"isInner":false,"widgetType":"sina_mc_subscribe","elType":"widget"}],"isInner":false,"elType":"column"}],"isInner":false,"elType":"section"}],"page_settings":[],"version":"0.4","title":"Events List","type":"page"}