{"content":[{"id":"6cd508af","settings":{"background_background":"classic","background_image":{"url":"https:\/\/demo.bosathemes.com\/bosa\/charity-02\/wp-content\/uploads\/sites\/43\/2021\/04\/bosa-charity-img1.jpg","id":54},"background_position":"center center","background_repeat":"no-repeat","background_size":"cover","background_overlay_background":"classic","background_overlay_color":"#000000","background_overlay_opacity":{"unit":"px","size":0.59999999999999997779553950749686919152736663818359375,"sizes":[]},"padding":{"unit":"px","top":"100","right":"0","bottom":"100","left":"0","isLinked":false},"padding_tablet":{"unit":"px","top":"80","right":"0","bottom":"80","left":"0","isLinked":false},"padding_mobile":{"unit":"px","top":"60","right":"0","bottom":"70","left":"0","isLinked":false}},"elements":[{"id":"182cac30","settings":{"_column_size":100,"_inline_size":null},"elements":[{"id":"18788853","settings":{"title":"event details","align":"center","title_color":"#FFFFFF","typography_typography":"custom","typography_font_family":"Playfair Display","typography_font_size":{"unit":"px","size":55,"sizes":[]},"typography_font_weight":"900","typography_text_transform":"capitalize","typography_line_height":{"unit":"em","size":1.1999999999999999555910790149937383830547332763671875,"sizes":[]},"typography_font_size_tablet":{"unit":"px","size":45,"sizes":[]},"typography_font_size_mobile":{"unit":"px","size":36,"sizes":[]}},"elements":[],"isInner":false,"widgetType":"heading","elType":"widget"}],"isInner":false,"elType":"column"}],"isInner":false,"elType":"section"},{"id":"26f1feb9","settings":{"padding":{"unit":"px","top":"100","right":"0","bottom":"100","left":"0","isLinked":false},"padding_tablet":{"unit":"px","top":"80","right":"0","bottom":"80","left":"0","isLinked":false},"padding_mobile":{"unit":"px","top":"60","right":"0","bottom":"80","left":"0","isLinked":false}},"elements":[{"id":"79ee61b2","settings":{"_column_size":100,"_inline_size":null},"elements":[{"id":"4f878267","settings":{"structure":"20"},"elements":[{"id":"62480d98","settings":{"_column_size":50,"_inline_size":60,"_inline_size_tablet":100},"elements":[{"id":"728f7a37","settings":{"title":"Poor People\u2019s Donation Campaign","align":"left","title_color":"#333333","typography_typography":"custom","typography_font_family":"Playfair Display","typography_font_size":{"unit":"px","size":40,"sizes":[]},"typography_font_weight":"900","typography_text_transform":"capitalize","typography_line_height":{"unit":"em","size":1.1999999999999999555910790149937383830547332763671875,"sizes":[]},"link":{"url":"#","is_external":"","nofollow":"","custom_attributes":""},"_margin_tablet":{"unit":"px","top":"0","right":"0","bottom":"0","left":"0","isLinked":false},"typography_font_size_mobile":{"unit":"px","size":26,"sizes":[]}},"elements":[],"isInner":false,"widgetType":"heading","elType":"widget"},{"id":"2cb2027c","settings":{"structure":"20","background_background":"classic","background_image":{"url":"https:\/\/demo.bosathemes.com\/bosa\/charity-02\/wp-content\/uploads\/sites\/43\/2021\/04\/bosa-charity-img3.jpg","id":52},"background_position":"center center","background_repeat":"no-repeat","background_size":"cover","border_radius":{"unit":"px","top":"15","right":"15","bottom":"15","left":"15","isLinked":true},"padding":{"unit":"px","top":"300","right":"0","bottom":"0","left":"0","isLinked":false},"padding_mobile":{"unit":"px","top":"150","right":"0","bottom":"0","left":"0","isLinked":false}},"elements":[{"id":"6c2e9db6","settings":{"_column_size":50,"_inline_size":37},"elements":[{"id":"2bba0a02","settings":[],"elements":[],"isInner":false,"widgetType":"spacer","elType":"widget"}],"isInner":true,"elType":"column"},{"id":"610fee0c","settings":{"_column_size":50,"_inline_size":63,"content_position":"center","background_background":"classic","background_color":"#FFA026D1","border_radius":{"unit":"px","top":"10","right":"0","bottom":"10","left":"0","isLinked":false}},"elements":[{"id":"f3227dd","settings":{"countdown_time":"2021-05-29 09:04","units":[{"unit":"month","_id":"b8840a6"},{"unit":"week","_id":"c906196"},{"unit":"hour","_id":"6ef45a3"},{"unit":"second","_id":"9c77ec7"}],"message":"Countdown is finished!","width":{"unit":"px","size":80,"sizes":[]},"width_mobile":{"unit":"px","size":100,"sizes":[]},"height":{"unit":"px","size":108,"sizes":[]},"height_mobile":{"unit":"px","size":110,"sizes":[]},"background_color":"#FFFFFF","box_margin":{"unit":"px","top":"4","right":"4","bottom":"4","left":"4","isLinked":true},"digit_color_color":"#25283A","digit_typography_font_family":"Playfair Display","digit_typography_font_size":{"unit":"px","size":35,"sizes":[]},"digit_typography_font_weight":"900","text_color":"#383838","text_typography_font_family":"Poppins","text_typography_font_size":{"unit":"px","size":12,"sizes":[]},"text_typography_font_weight":"400","text_typography_text_transform":"uppercase","text_typography_line_height":{"unit":"em","size":1,"sizes":[]},"message_color":"#383838","message_typography_font_family":"Poppins","message_typography_font_size":{"unit":"px","size":26,"sizes":[]},"message_typography_line_height":{"unit":"px","size":"","sizes":[]},"_padding":{"unit":"px","top":"8","right":"0","bottom":"8","left":"0","isLinked":false},"redirect":"https:\/\/masjid.nayyarshaikh.com\/?p=1"},"elements":[],"isInner":false,"widgetType":"sina_countdown","elType":"widget"}],"isInner":true,"elType":"column"}],"isInner":true,"elType":"section"},{"id":"6c2db0e0","settings":{"editor":"<p>Aute maiores reprehenderit, wisi exercitationem, adipiscing? Maxime sollicitudin etiam risus, ad leo eveniet, nisl consectetur fugiat voluptas cubilia illum neque, duis placerat penatibus quo aptent ante vero esse ultricies lacus earum ullamco ab, mus fusce cubilia lectus minus unde proin voluptatem habitasse diam eum, curae lorem distinctio neque lobortis repellendus turpis elit? Assumenda ex felis quibusdam lacinia metus nulla elementum, accusantium accusamus vehicula diam pretium, non, iaculis occaecati elit nibh! Risus? Expedita, anim porttitor saepe orci fringilla assumenda ullam cras.<\/p><p>Aute maiores reprehenderit, wisi exercitationem, adipiscing? Maxime sollicitudin etiam risus, ad leo eveniet, nisl consectetur fugiat voluptas cubilia illum neque, duis placerat penatibus quo aptent ante vero esse ultricies lacus earum ullamco ab, mus fusce cubilia lectus minus unde proin voluptatem habitasse diam eum, curae lorem distinctio neque lobortis repellendus turpis elit.\u00a0<\/p>","align":"left","text_color":"#383838","typography_typography":"custom","typography_font_family":"Poppins","typography_font_size":{"unit":"px","size":15,"sizes":[]},"typography_font_weight":"400","_margin":{"unit":"px","top":"40","right":"0","bottom":"0","left":"0","isLinked":false}},"elements":[],"isInner":false,"widgetType":"text-editor","elType":"widget"}],"isInner":true,"elType":"column"},{"id":"10356c56","settings":{"_column_size":50,"_inline_size":40,"_inline_size_tablet":100,"padding":{"unit":"px","top":"0","right":"0","bottom":"0","left":"50","isLinked":false},"padding_tablet":{"unit":"px","top":"0","right":"50","bottom":"0","left":"50","isLinked":false},"padding_mobile":{"unit":"px","top":"0","right":"0","bottom":"0","left":"0","isLinked":false}},"elements":[{"id":"63aa45e3","settings":[],"elements":[{"id":"1f1884ff","settings":{"_column_size":100,"_inline_size":null,"background_background":"classic","background_color":"#F8FAFF","border_radius":{"unit":"px","top":"10","right":"10","bottom":"10","left":"10","isLinked":true},"padding":{"unit":"px","top":"40","right":"30","bottom":"40","left":"30","isLinked":false}},"elements":[{"id":"4db24cc5","settings":{"title":"events details","align":"center","title_color":"#333333","typography_typography":"custom","typography_font_family":"Playfair Display","typography_font_size":{"unit":"px","size":22,"sizes":[]},"typography_font_weight":"900","typography_text_transform":"capitalize","typography_line_height":{"unit":"em","size":1.1999999999999999555910790149937383830547332763671875,"sizes":[]},"link":{"url":"#","is_external":"","nofollow":"","custom_attributes":""},"typography_font_size_tablet":{"unit":"px","size":19,"sizes":[]},"_margin_tablet":{"unit":"px","top":"0","right":"0","bottom":"0","left":"0","isLinked":false},"_padding":{"unit":"px","top":"10","right":"0","bottom":"10","left":"0","isLinked":false},"_background_background":"classic","_background_color":"#FFFFFF"},"elements":[],"isInner":false,"widgetType":"heading","elType":"widget"},{"id":"3d96b97a","settings":{"icon_list":[{"text":"<strong>starting time<\/strong>:  11:00 am to 2:00 pm","selected_icon":{"value":"fas fa-stopwatch","library":"fa-solid"},"_id":"b52ca45"},{"text":"<strong>event date<\/strong>:  27 june, 2021","selected_icon":{"value":"far fa-calendar-alt","library":"fa-regular"},"_id":"2f954e8"},{"text":"<strong>Phone number<\/strong>:  +1 (212) 977-8888","selected_icon":{"value":"fas fa-phone-square-alt","library":"fa-solid"},"_id":"b2f2511"},{"text":"<strong>address location<\/strong>:  3 Street, Australia","selected_icon":{"value":"fas fa-map-marker-alt","library":"fa-solid"},"_id":"6faa57e"}],"space_between":{"unit":"px","size":15,"sizes":[]},"icon_color":"#FFA026","icon_size":{"unit":"px","size":20,"sizes":[]},"text_color":"#383838","icon_typography_typography":"custom","icon_typography_font_family":"Poppins","icon_typography_font_size":{"unit":"px","size":16,"sizes":[]},"icon_typography_font_weight":"300","icon_typography_text_transform":"capitalize","_padding":{"unit":"px","top":"20","right":"0","bottom":"0","left":"0","isLinked":false}},"elements":[],"isInner":false,"widgetType":"icon-list","elType":"widget"}],"isInner":true,"elType":"column"}],"isInner":true,"elType":"section"},{"id":"64971fab","settings":{"address":"London Eye, London, United Kingdom","_padding":{"unit":"px","top":"30","right":"0","bottom":"10","left":"0","isLinked":false},"_border_radius":{"unit":"px","top":"10","right":"10","bottom":"10","left":"10","isLinked":true}},"elements":[],"isInner":false,"widgetType":"google_maps","elType":"widget"},{"id":"6122ebff","settings":[],"elements":[{"id":"54bb294b","settings":{"_column_size":100,"_inline_size":null,"background_background":"classic","background_image":{"url":"https:\/\/demo.bosathemes.com\/bosa\/charity-02\/wp-content\/uploads\/sites\/43\/2021\/04\/bosa-charity-img21.jpg","id":34},"background_position":"center center","background_repeat":"no-repeat","background_size":"cover","background_overlay_background":"classic","background_overlay_color":"#000000","background_overlay_opacity":{"unit":"px","size":0.65000000000000002220446049250313080847263336181640625,"sizes":[]},"border_radius":{"unit":"px","top":"10","right":"10","bottom":"10","left":"10","isLinked":true},"padding":{"unit":"px","top":"50","right":"20","bottom":"50","left":"20","isLinked":false}},"elements":[{"id":"a64f9c2","settings":{"title":"join together for charity","align":"center","title_color":"#FFFFFF","typography_typography":"custom","typography_font_family":"Playfair Display","typography_font_size":{"unit":"px","size":30,"sizes":[]},"typography_font_weight":"900","typography_text_transform":"capitalize","typography_line_height":{"unit":"em","size":1.1999999999999999555910790149937383830547332763671875,"sizes":[]},"link":{"url":"#","is_external":"","nofollow":"","custom_attributes":""},"_margin_tablet":{"unit":"px","top":"0","right":"0","bottom":"0","left":"0","isLinked":false}},"elements":[],"isInner":false,"widgetType":"heading","elType":"widget"},{"id":"15661db6","settings":{"editor":"<p>Lorem ipsum dolor sit amet, consectetur adipiscing elit. tenetur maxime \u00a0commodo teneture<\/p>","align":"center","text_color":"#FFFFFF","typography_typography":"custom","typography_font_family":"Poppins","typography_font_size":{"unit":"px","size":15,"sizes":[]},"typography_font_weight":"400","_margin":{"unit":"px","top":"-5","right":"0","bottom":"0","left":"0","isLinked":false}},"elements":[],"isInner":false,"widgetType":"text-editor","elType":"widget"},{"id":"629d12e8","settings":{"text":"Donate Now","align":"center","typography_typography":"custom","typography_font_family":"Poppins","typography_font_size":{"unit":"px","size":15,"sizes":[]},"typography_font_weight":"600","typography_text_transform":"capitalize","background_color":"#FFA026","button_background_hover_color":"#D97A00","border_radius":{"unit":"px","top":"25","right":"25","bottom":"25","left":"25","isLinked":true},"text_padding":{"unit":"px","top":"16","right":"22","bottom":"16","left":"22","isLinked":false}},"elements":[],"isInner":false,"widgetType":"button","elType":"widget"}],"isInner":true,"elType":"column"}],"isInner":true,"elType":"section"}],"isInner":true,"elType":"column"}],"isInner":true,"elType":"section"}],"isInner":false,"elType":"column"}],"isInner":false,"elType":"section"}],"page_settings":[],"version":"0.4","title":"Event Single","type":"page"}