{"content":[{"id":"6bc3f357","settings":{"background_background":"classic","background_image":{"url":"https:\/\/demo.bosathemes.com\/bosa\/charity-02\/wp-content\/uploads\/sites\/43\/2021\/04\/bosa-charity-img1.jpg","id":54},"background_position":"center center","background_repeat":"no-repeat","background_size":"cover","background_overlay_background":"classic","background_overlay_color":"#000000","background_overlay_opacity":{"unit":"px","size":0.59999999999999997779553950749686919152736663818359375,"sizes":[]},"padding":{"unit":"px","top":"100","right":"0","bottom":"100","left":"0","isLinked":false},"padding_tablet":{"unit":"px","top":"80","right":"0","bottom":"80","left":"0","isLinked":false},"padding_mobile":{"unit":"px","top":"60","right":"0","bottom":"70","left":"0","isLinked":false}},"elements":[{"id":"83b9c93","settings":{"_column_size":100,"_inline_size":null},"elements":[{"id":"1f866ae8","settings":{"title":"Campaign detail","align":"center","title_color":"#FFFFFF","typography_typography":"custom","typography_font_family":"Playfair Display","typography_font_size":{"unit":"px","size":55,"sizes":[]},"typography_font_weight":"900","typography_text_transform":"capitalize","typography_line_height":{"unit":"em","size":1.1999999999999999555910790149937383830547332763671875,"sizes":[]},"typography_font_size_tablet":{"unit":"px","size":45,"sizes":[]},"typography_font_size_mobile":{"unit":"px","size":36,"sizes":[]}},"elements":[],"isInner":false,"widgetType":"heading","elType":"widget"}],"isInner":false,"elType":"column"}],"isInner":false,"elType":"section"},{"id":"2ac97460","settings":{"padding":{"unit":"px","top":"100","right":"0","bottom":"100","left":"0","isLinked":false},"padding_tablet":{"unit":"px","top":"80","right":"0","bottom":"80","left":"0","isLinked":false},"padding_mobile":{"unit":"px","top":"60","right":"0","bottom":"60","left":"0","isLinked":false}},"elements":[{"id":"1411c6c8","settings":{"_column_size":100,"_inline_size":null},"elements":[{"id":"6224169b","settings":{"structure":"20"},"elements":[{"id":"b714c2","settings":{"_column_size":50,"_inline_size":60,"_inline_size_tablet":100},"elements":[{"id":"cd4c51b","settings":{"image":{"url":"https:\/\/demo.bosathemes.com\/bosa\/charity-02\/wp-content\/uploads\/sites\/43\/2021\/04\/bosa-charity-img3.jpg","id":52},"width":{"unit":"%","size":100,"sizes":[]},"image_border_radius":{"unit":"px","top":"20","right":"20","bottom":"20","left":"20","isLinked":true}},"elements":[],"isInner":false,"widgetType":"image","elType":"widget"},{"id":"4a83f2e2","settings":{"title":"Financial Help For Poor Families","align":"left","title_color":"#333333","typography_typography":"custom","typography_font_family":"Playfair Display","typography_font_size":{"unit":"px","size":40,"sizes":[]},"typography_font_weight":"900","typography_text_transform":"capitalize","typography_line_height":{"unit":"em","size":1.1999999999999999555910790149937383830547332763671875,"sizes":[]},"_margin":{"unit":"px","top":"10","right":"0","bottom":"0","left":"0","isLinked":false},"_margin_tablet":{"unit":"px","top":"0","right":"0","bottom":"0","left":"0","isLinked":false},"typography_font_size_mobile":{"unit":"px","size":24,"sizes":[]}},"elements":[],"isInner":false,"widgetType":"heading","elType":"widget"},{"id":"16cec7df","settings":{"structure":"20"},"elements":[{"id":"64e80b3d","settings":{"_column_size":50,"_inline_size":null},"elements":[{"id":"711867d4","settings":{"title":"","percent":{"unit":"%","size":70,"sizes":[]},"inner_text":"raised funds","bar_color":"#FFA026","bar_height":{"unit":"px","size":20,"sizes":[]},"bar_border_radius":{"unit":"px","size":25,"sizes":[]},"bar_inner_typography_typography":"custom","bar_inner_typography_font_family":"Poppins","bar_inner_typography_font_size":{"unit":"px","size":13,"sizes":[]},"bar_inner_typography_font_weight":"600","bar_inner_typography_text_transform":"capitalize","_padding_tablet":{"unit":"px","top":"0","right":"0","bottom":"0","left":"0","isLinked":false}},"elements":[],"isInner":false,"widgetType":"progress","elType":"widget"}],"isInner":true,"elType":"column"},{"id":"b445a80","settings":{"_column_size":50,"_inline_size":null},"elements":[{"id":"544705d8","settings":{"view":"inline","icon_list":[{"text":"70% raised","selected_icon":{"value":"fas fa-hand-holding-usd","library":"fa-solid"},"_id":"40023ac"},{"text":"$10,000 (goal)","selected_icon":{"value":"fas fa-chart-line","library":"fa-solid"},"_id":"dbd46a7"}],"space_between":{"unit":"px","size":30,"sizes":[]},"icon_align":"center","divider":"yes","divider_weight":{"unit":"px","size":2,"sizes":[]},"icon_color":"#FFA026","icon_size":{"unit":"px","size":18,"sizes":[]},"icon_self_align":"left","text_color":"#383838","icon_typography_typography":"custom","icon_typography_font_family":"Poppins","icon_typography_font_size":{"unit":"px","size":15,"sizes":[]},"icon_typography_font_weight":"500","icon_typography_text_transform":"capitalize"},"elements":[],"isInner":false,"widgetType":"icon-list","elType":"widget"}],"isInner":true,"elType":"column"}],"isInner":true,"elType":"section"},{"id":"3abb8fb0","settings":{"editor":"<p>Nesciunt quaerat consequat class aliqua excepteur quos ultrices, alias eleifend litora dictum cillum a veritatis, sunt molestiae laboris convallis laboriosam aliquet bibendum vestibulum pellentesque cum adipisci. Ratione laborum, lacinia! Modi, commodo expedita incididunt eligendi voluptate dolore consequat illum cupiditate, litora egestas orci posuere molestiae deserunt ornare odio laboriosam, nibh morbi, irure magna turpis ducimus, natoque, semper parturient exercitation rerum.\u00a0<\/p><p>Aspernatur beatae consequat magnam, consectetuer eius, occaecati. Vero ex lectus quia magna class similique dapibus, ipsum, dolores tincidunt, dui similique! Sociis numquam sociosqu.\u00a0<\/p>","align":"left","text_color":"#383838","typography_typography":"custom","typography_font_family":"Poppins","typography_font_size":{"unit":"px","size":15,"sizes":[]},"typography_font_weight":"400","_margin":{"unit":"px","top":"15","right":"0","bottom":"0","left":"0","isLinked":false},"drop_cap_view":"stacked","drop_cap_primary_color":"#F8FAFF","drop_cap_secondary_color":"#25283A","drop_cap_border_radius":{"unit":"%","size":5,"sizes":[]},"drop_cap_typography_typography":"custom","drop_cap_typography_font_family":"Poppins","drop_cap_typography_font_size":{"unit":"px","size":40,"sizes":[]},"drop_cap_typography_font_weight":"700"},"elements":[],"isInner":false,"widgetType":"text-editor","elType":"widget"},{"id":"4318c399","settings":{"carousel":[{"id":34,"url":"https:\/\/demo.bosathemes.com\/bosa\/charity-02\/wp-content\/uploads\/sites\/43\/2021\/04\/bosa-charity-img21.jpg"},{"id":35,"url":"https:\/\/demo.bosathemes.com\/bosa\/charity-02\/wp-content\/uploads\/sites\/43\/2021\/04\/bosa-charity-img20.jpg"}],"thumbnail_size":"medium","slides_to_show":"2","slides_to_show_tablet":"2","navigation":"dots","dots_size":{"unit":"px","size":10,"sizes":[]},"dots_color":"#FFA026","image_spacing":"custom","image_border_radius":{"unit":"px","top":"5","right":"5","bottom":"5","left":"5","isLinked":true}},"elements":[],"isInner":false,"widgetType":"image-carousel","elType":"widget"},{"id":"5a163387","settings":{"title":"our main goals","align":"left","title_color":"#25283A","typography_typography":"custom","typography_font_family":"Playfair Display","typography_font_size":{"unit":"px","size":32,"sizes":[]},"typography_font_weight":"900","typography_text_transform":"capitalize","typography_line_height":{"unit":"em","size":1.1999999999999999555910790149937383830547332763671875,"sizes":[]},"typography_font_size_mobile":{"unit":"px","size":24,"sizes":[]}},"elements":[],"isInner":false,"widgetType":"heading","elType":"widget"},{"id":"1d8d9e31","settings":{"editor":"<p>Aspernatur beatae consequat magnam, consectetuer eius, occaecati. Vero ex lectus quia magna class similique dapibus, ipsum, dolores tincidunt, dui similique! Sociis numquam sociosqu? Magna, cum exercitation possimus voluptatem, rerum nam inventore illo tempore.\u00a0<\/p>","align":"left","text_color":"#383838","typography_typography":"custom","typography_font_family":"Poppins","typography_font_size":{"unit":"px","size":15,"sizes":[]},"typography_font_weight":"400","_margin":{"unit":"px","top":"0","right":"0","bottom":"-20","left":"0","isLinked":false},"drop_cap_view":"stacked","drop_cap_primary_color":"#F8FAFF","drop_cap_secondary_color":"#25283A","drop_cap_border_radius":{"unit":"%","size":5,"sizes":[]},"drop_cap_typography_typography":"custom","drop_cap_typography_font_family":"Poppins","drop_cap_typography_font_size":{"unit":"px","size":40,"sizes":[]},"drop_cap_typography_font_weight":"700"},"elements":[],"isInner":false,"widgetType":"text-editor","elType":"widget"},{"id":"6e28631a","settings":{"icon_list":[{"text":"Porta tempora facilisi, hac.","_id":"b82f766"},{"text":"Beatae hac ultrices, nisi emper beatae.","_id":"8a1dc21"},{"text":"Incididunt vel inci dunticot.","_id":"a2e80b5"},{"text":"Porta tempora facilisi, hacit quisque.","_id":"9d3089c"},{"text":"Porta tempora facilisi, hac.","_id":"df7bcb0"},{"text":"Incididunt vel inci dunticot ipsum.","_id":"ff4eb7d"}],"space_between":{"unit":"px","size":50,"sizes":[]},"icon_color":"#FFA026","icon_size":{"unit":"px","size":15,"sizes":[]},"text_color":"#25283A","icon_typography_typography":"custom","icon_typography_font_family":"Poppins","icon_typography_font_size":{"unit":"px","size":15,"sizes":[]},"icon_typography_font_weight":"400","view":"inline","text_indent":{"unit":"px","size":8,"sizes":[]},"icon_typography_line_height":{"unit":"em","size":1.899999999999999911182158029987476766109466552734375,"sizes":[]}},"elements":[],"isInner":false,"widgetType":"icon-list","elType":"widget"}],"isInner":true,"elType":"column"},{"id":"7174a456","settings":{"_column_size":50,"_inline_size":40,"_inline_size_tablet":100,"content_position":"center","padding":{"unit":"px","top":"0","right":"0","bottom":"0","left":"50","isLinked":false},"padding_tablet":{"unit":"px","top":"50","right":"100","bottom":"0","left":"100","isLinked":false},"padding_mobile":{"unit":"px","top":"30","right":"0","bottom":"0","left":"0","isLinked":false}},"elements":[{"id":"3114386e","settings":[],"elements":[{"id":"220f00db","settings":{"_column_size":100,"_inline_size":null,"background_background":"classic","background_position":"center center","background_repeat":"no-repeat","background_size":"cover","background_overlay_background":"classic","background_overlay_opacity":{"unit":"px","size":0.65000000000000002220446049250313080847263336181640625,"sizes":[]},"border_radius":{"unit":"px","top":"10","right":"10","bottom":"10","left":"10","isLinked":true},"padding":{"unit":"px","top":"50","right":"20","bottom":"50","left":"20","isLinked":false},"background_color":"#F8FAFF"},"elements":[{"id":"31179785","settings":{"title":"join together for charity","align":"center","title_color":"#25283A","typography_typography":"custom","typography_font_family":"Playfair Display","typography_font_size":{"unit":"px","size":30,"sizes":[]},"typography_font_weight":"900","typography_text_transform":"capitalize","typography_line_height":{"unit":"em","size":1.1999999999999999555910790149937383830547332763671875,"sizes":[]},"_margin_tablet":{"unit":"px","top":"0","right":"0","bottom":"0","left":"0","isLinked":false}},"elements":[],"isInner":false,"widgetType":"heading","elType":"widget"},{"id":"17db59cc","settings":{"editor":"<p>Lorem ipsum dolor sit amet, consectetur adipiscing elit. tenetur maxime \u00a0commodo teneture<\/p>","align":"center","text_color":"#383838","typography_typography":"custom","typography_font_family":"Poppins","typography_font_size":{"unit":"px","size":15,"sizes":[]},"typography_font_weight":"400","_margin":{"unit":"px","top":"-5","right":"0","bottom":"0","left":"0","isLinked":false}},"elements":[],"isInner":false,"widgetType":"text-editor","elType":"widget"},{"id":"58225ee9","settings":{"select_button":"pl_IMf2NlQ9uff1mn","_css_classes":"razorpay"},"elements":[],"isInner":false,"widgetType":"razorpay_button","elType":"widget"}],"isInner":true,"elType":"column"}],"isInner":true,"elType":"section"},{"id":"215d86e","settings":[],"elements":[{"id":"2da9e4ee","settings":{"_column_size":100,"_inline_size":null,"background_background":"classic","background_color":"#F8FAFF","border_radius":{"unit":"px","top":"10","right":"10","bottom":"10","left":"10","isLinked":true},"margin":{"unit":"px","top":"50","right":"0","bottom":"50","left":"0","isLinked":false},"padding":{"unit":"px","top":"40","right":"30","bottom":"40","left":"30","isLinked":false}},"elements":[{"id":"2c3990fd","settings":{"title":"more campaign","align":"center","title_color":"#333333","typography_typography":"custom","typography_font_family":"Playfair Display","typography_font_size":{"unit":"px","size":22,"sizes":[]},"typography_font_weight":"900","typography_text_transform":"capitalize","typography_line_height":{"unit":"em","size":1.1999999999999999555910790149937383830547332763671875,"sizes":[]},"_margin_tablet":{"unit":"px","top":"0","right":"0","bottom":"0","left":"0","isLinked":false},"_padding":{"unit":"px","top":"10","right":"0","bottom":"10","left":"0","isLinked":false},"_background_background":"classic","_background_color":"#FFFFFF"},"elements":[],"isInner":false,"widgetType":"heading","elType":"widget"},{"id":"52c9fe3b","settings":{"image":{"url":"https:\/\/demo.bosathemes.com\/bosa\/charity-02\/wp-content\/uploads\/sites\/43\/2021\/04\/bosa-charity-img23.jpg","id":28},"thumbnail_size":"medium","title_text":"send child to school","description_text":"Lorem ipsum dolor sit amet, consectetur adipiscing elit.","link":{"url":"#","is_external":"","nofollow":"","custom_attributes":""},"position":"left","image_space_tablet":{"unit":"px","size":-10,"sizes":[]},"image_size":{"unit":"%","size":40,"sizes":[]},"image_border_radius":{"unit":"px","size":5,"sizes":[]},"title_bottom_space":{"unit":"px","size":5,"sizes":[]},"title_bottom_space_mobile":{"unit":"px","size":0,"sizes":[]},"title_color":"#25283A","title_typography_typography":"custom","title_typography_font_family":"Poppins","title_typography_font_size":{"unit":"px","size":15,"sizes":[]},"title_typography_font_weight":"600","title_typography_text_transform":"capitalize","title_typography_line_height_mobile":{"unit":"em","size":2.5,"sizes":[]},"description_color":"#383838","description_typography_typography":"custom","description_typography_font_family":"Poppins","description_typography_font_size":{"unit":"px","size":13,"sizes":[]},"description_typography_font_weight":"300","_padding":{"unit":"px","top":"10","right":"0","bottom":"10","left":"0","isLinked":false}},"elements":[],"isInner":false,"widgetType":"image-box","elType":"widget"},{"id":"662d328c","settings":{"image":{"url":"https:\/\/demo.bosathemes.com\/bosa\/charity-02\/wp-content\/uploads\/sites\/43\/2021\/04\/bosa-charity-img22.jpg","id":29},"thumbnail_size":"medium","title_text":"fund raising for poor","description_text":"Lorem ipsum dolor sit amet, consectetur adipiscing elit.","link":{"url":"#","is_external":"","nofollow":"","custom_attributes":""},"position":"left","image_space_tablet":{"unit":"px","size":-10,"sizes":[]},"image_size":{"unit":"%","size":40,"sizes":[]},"image_border_radius":{"unit":"px","size":5,"sizes":[]},"title_bottom_space":{"unit":"px","size":5,"sizes":[]},"title_bottom_space_mobile":{"unit":"px","size":0,"sizes":[]},"title_color":"#25283A","title_typography_typography":"custom","title_typography_font_family":"Poppins","title_typography_font_size":{"unit":"px","size":15,"sizes":[]},"title_typography_font_weight":"600","title_typography_text_transform":"capitalize","title_typography_line_height_mobile":{"unit":"em","size":2.5,"sizes":[]},"description_color":"#383838","description_typography_typography":"custom","description_typography_font_family":"Poppins","description_typography_font_size":{"unit":"px","size":13,"sizes":[]},"description_typography_font_weight":"300","_padding":{"unit":"px","top":"0","right":"0","bottom":"10","left":"0","isLinked":false}},"elements":[],"isInner":false,"widgetType":"image-box","elType":"widget"},{"id":"79d281bc","settings":{"image":{"url":"https:\/\/demo.bosathemes.com\/bosa\/charity-02\/wp-content\/uploads\/sites\/43\/2021\/04\/bosa-charity-img24.jpg","id":27},"thumbnail_size":"medium","title_text":"food for needy people","description_text":"Lorem ipsum dolor sit amet, consectetur adipiscing elit.","link":{"url":"#","is_external":"","nofollow":"","custom_attributes":""},"position":"left","image_space_tablet":{"unit":"px","size":-10,"sizes":[]},"image_size":{"unit":"%","size":40,"sizes":[]},"image_border_radius":{"unit":"px","size":5,"sizes":[]},"title_bottom_space":{"unit":"px","size":5,"sizes":[]},"title_bottom_space_mobile":{"unit":"px","size":0,"sizes":[]},"title_color":"#25283A","title_typography_typography":"custom","title_typography_font_family":"Poppins","title_typography_font_size":{"unit":"px","size":15,"sizes":[]},"title_typography_font_weight":"600","title_typography_text_transform":"capitalize","title_typography_line_height_mobile":{"unit":"em","size":2.5,"sizes":[]},"description_color":"#383838","description_typography_typography":"custom","description_typography_font_family":"Poppins","description_typography_font_size":{"unit":"px","size":13,"sizes":[]},"description_typography_font_weight":"300"},"elements":[],"isInner":false,"widgetType":"image-box","elType":"widget"}],"isInner":true,"elType":"column"}],"isInner":true,"elType":"section"},{"id":"5e5038a5","settings":[],"elements":[{"id":"34bb59f8","settings":{"_column_size":100,"_inline_size":null,"background_background":"classic","background_image":{"url":"https:\/\/demo.bosathemes.com\/bosa\/charity-02\/wp-content\/uploads\/sites\/43\/2021\/04\/bosa-charity-img4.jpg","id":51},"background_position":"center center","background_repeat":"no-repeat","background_size":"cover","background_overlay_background":"classic","background_overlay_color":"#000000","background_overlay_opacity":{"unit":"px","size":0.59999999999999997779553950749686919152736663818359375,"sizes":[]},"border_radius":{"unit":"px","top":"10","right":"10","bottom":"10","left":"10","isLinked":true},"padding":{"unit":"px","top":"50","right":"25","bottom":"50","left":"25","isLinked":false}},"elements":[{"id":"14d5982e","settings":{"title":"raise hand  for charity","align":"center","title_color":"#FFFFFF","typography_typography":"custom","typography_font_family":"Playfair Display","typography_font_size":{"unit":"px","size":26,"sizes":[]},"typography_font_weight":"900","typography_text_transform":"capitalize","typography_line_height":{"unit":"em","size":1.1999999999999999555910790149937383830547332763671875,"sizes":[]},"link":{"url":"#","is_external":"","nofollow":"","custom_attributes":""},"_margin_tablet":{"unit":"px","top":"0","right":"0","bottom":"0","left":"0","isLinked":false},"typography_font_size_mobile":{"unit":"px","size":23,"sizes":[]}},"elements":[],"isInner":false,"widgetType":"heading","elType":"widget"},{"id":"287dd9e5","settings":{"editor":"<p>Hic commodo odio pharetra magni aliquet posuere aptent mus leo class urna.<\/p>","align":"center","text_color":"#FFFFFF","typography_typography":"custom","typography_font_family":"Poppins","typography_font_size":{"unit":"px","size":15,"sizes":[]},"typography_font_weight":"400","_margin":{"unit":"px","top":"-10","right":"0","bottom":"-20","left":"0","isLinked":false}},"elements":[],"isInner":false,"widgetType":"text-editor","elType":"widget"},{"id":"1cd8b800","settings":{"shortcode":"[contact-form-7 id=\"65\" title=\"campaign-contact\"]","_element_id":"bosa-ngo-callback-form"},"elements":[],"isInner":false,"widgetType":"shortcode","elType":"widget"}],"isInner":true,"elType":"column"}],"isInner":true,"elType":"section"}],"isInner":true,"elType":"column"}],"isInner":true,"elType":"section"}],"isInner":false,"elType":"column"}],"isInner":false,"elType":"section"}],"page_settings":[],"version":"0.4","title":"Single Campaign","type":"page"}