{"content":[{"id":"5b0475a5","settings":{"background_background":"classic","background_image":{"url":"https:\/\/demo.bosathemes.com\/bosa\/charity-02\/wp-content\/uploads\/sites\/43\/2021\/04\/bosa-charity-img1.jpg","id":54},"background_position":"center center","background_repeat":"no-repeat","background_size":"cover","background_overlay_background":"classic","background_overlay_color":"#000000","background_overlay_opacity":{"unit":"px","size":0.59999999999999997779553950749686919152736663818359375,"sizes":[]},"padding":{"unit":"px","top":"100","right":"0","bottom":"100","left":"0","isLinked":false},"padding_tablet":{"unit":"px","top":"80","right":"0","bottom":"80","left":"0","isLinked":false},"padding_mobile":{"unit":"px","top":"60","right":"0","bottom":"70","left":"0","isLinked":false}},"elements":[{"id":"200fd4c4","settings":{"_column_size":100,"_inline_size":null},"elements":[{"id":"388ca4b2","settings":{"title":"volunteer","align":"center","title_color":"#FFFFFF","typography_typography":"custom","typography_font_family":"Playfair Display","typography_font_size":{"unit":"px","size":55,"sizes":[]},"typography_font_weight":"900","typography_text_transform":"capitalize","typography_line_height":{"unit":"em","size":1.1999999999999999555910790149937383830547332763671875,"sizes":[]},"typography_font_size_tablet":{"unit":"px","size":45,"sizes":[]},"typography_font_size_mobile":{"unit":"px","size":36,"sizes":[]}},"elements":[],"isInner":false,"widgetType":"heading","elType":"widget"}],"isInner":false,"elType":"column"}],"isInner":false,"elType":"section"},{"id":"560f1bb8","settings":{"background_background":"classic","background_color":"#F8FAFF","padding":{"unit":"px","top":"100","right":"0","bottom":"100","left":"0","isLinked":false},"padding_tablet":{"unit":"px","top":"70","right":"0","bottom":"70","left":"0","isLinked":false}},"elements":[{"id":"60c5a2e7","settings":{"_column_size":100,"_inline_size":null},"elements":[{"id":"396a2a38","settings":{"structure":"30"},"elements":[{"id":"1f4e7d34","settings":{"_column_size":33,"_inline_size":null,"margin":{"unit":"px","top":"8","right":"8","bottom":"8","left":"8","isLinked":true},"_inline_size_tablet":50,"margin_mobile":{"unit":"px","top":"0","right":"0","bottom":"10","left":"0","isLinked":false}},"elements":[{"id":"4195c40e","settings":{"image":{"url":"https:\/\/demo.bosathemes.com\/bosa\/charity-02\/wp-content\/uploads\/sites\/43\/2021\/04\/bosa-charity-img6.jpg","id":44},"image_border_radius":{"unit":"px","top":"20","right":"20","bottom":"20","left":"20","isLinked":true}},"elements":[],"isInner":false,"widgetType":"image","elType":"widget"},{"id":"d6f8b60","settings":{"gap":"no","margin":{"unit":"px","top":"-120","right":0,"bottom":"0","left":0,"isLinked":false},"z_index":1},"elements":[{"id":"125c7077","settings":{"_column_size":100,"_inline_size":null,"background_background":"classic","background_color":"#FFFFFF","border_radius":{"unit":"px","top":"10","right":"10","bottom":"10","left":"10","isLinked":true},"box_shadow_box_shadow_type":"yes","box_shadow_box_shadow":{"horizontal":0,"vertical":0,"blur":25,"spread":0,"color":"rgba(0, 0, 0, 0.08)"},"margin":{"unit":"px","top":"0","right":"15","bottom":"0","left":"15","isLinked":false},"padding":{"unit":"px","top":"5","right":"5","bottom":"5","left":"5","isLinked":true}},"elements":[{"id":"615cd433","settings":{"structure":"20","border_border":"solid","border_width":{"unit":"px","top":"1","right":"1","bottom":"1","left":"1","isLinked":true},"border_color":"#FFA02621","border_radius":{"unit":"px","top":"10","right":"10","bottom":"10","left":"10","isLinked":true},"padding":{"unit":"px","top":"25","right":"15","bottom":"25","left":"15","isLinked":false}},"elements":[{"id":"4af48e16","settings":{"_column_size":50,"_inline_size":80,"content_position":"center"},"elements":[{"id":"101038b9","settings":{"title":"Director","subtitle":"<a href=\"#\">Davis Lauren<\/a>","alignment":"left","title_typography_font_family":"Poppins","title_typography_font_size":{"unit":"px","size":15,"sizes":[]},"title_typography_font_weight":"500","title_typography_text_transform":"uppercase","title_typography_line_height":{"unit":"px","size":"","sizes":[]},"title_color_color":"#FFA026","title_margin":{"unit":"px","top":"0","right":"0","bottom":"8","left":"0","isLinked":false},"subtitle_typography_font_family":"Playfair Display","subtitle_typography_font_size":{"unit":"px","size":23,"sizes":[]},"subtitle_typography_font_weight":"900","subtitle_typography_text_transform":"capitalize","subtitle_typography_line_height":{"unit":"em","size":1.1999999999999999555910790149937383830547332763671875,"sizes":[]},"subtitle_color_color":"#25283A","desc":"Esse sociosqu! Nec leo laboriosam molestias. Felis eligen disu scipit.","subtitle_margin":{"unit":"px","top":"0","right":"0","bottom":"10","left":"0","isLinked":false},"desc_typography_font_family":"Poppins","desc_typography_font_size":{"unit":"px","size":15,"sizes":[]},"desc_typography_font_weight":"300","desc_typography_line_height":{"unit":"px","size":"","sizes":[]},"subtitle_typography_font_size_mobile":{"unit":"px","size":20,"sizes":[]}},"elements":[],"isInner":false,"widgetType":"sina_title","elType":"widget"}],"isInner":true,"elType":"column"},{"id":"1ba48bab","settings":{"_column_size":50,"_inline_size":19.998000000000001108446667785756289958953857421875,"content_position":"center"},"elements":[{"id":"394864be","settings":{"social_icons":[{"icon":"icofont icofont-facebook","link":{"url":"#"},"social_name":"Facebook","_id":"f58404e"},{"icon":"icofont icofont-twitter","link":{"url":"#"},"social_name":"Twitter","_id":"e0c81c7"},{"icon":"icofont icofont-instagram","link":{"url":"#"},"social_name":"instagram","_id":"0727742"}],"display":"block","font_size":{"unit":"px","size":14,"sizes":[]},"icon_width":{"unit":"px","size":35,"sizes":[]},"icon_height":{"unit":"px","size":35,"sizes":[]},"font_line_height":{"unit":"px","size":35,"sizes":[]},"social_icon_color":"#FFA026","social_icon_bg_color":"#1085E400","social_icon_border_border":"solid","social_icon_border_width":{"unit":"px","top":"1","right":"1","bottom":"1","left":"1","isLinked":true},"social_icon_border_color":"#FFA026","social_icon_hover_color":"#FFFFFF","social_icon_hover_bg_color":"#D97A00","social_icon_hover_border":"#D97A00","alignment":"right","btn_bg_layer_color_color":"#D97A00","display_mobile":"inline-block","icon_margin_mobile":{"unit":"px","top":"20","right":"4","bottom":"0","left":"0","isLinked":false},"alignment_mobile":"left"},"elements":[],"isInner":false,"widgetType":"sina_social_icons","elType":"widget"}],"isInner":true,"elType":"column"}],"isInner":true,"elType":"section"}],"isInner":true,"elType":"column"}],"isInner":true,"elType":"section"}],"isInner":true,"elType":"column"},{"id":"1c4ebca0","settings":{"_column_size":33,"_inline_size":null,"margin":{"unit":"px","top":"8","right":"8","bottom":"8","left":"8","isLinked":true},"_inline_size_tablet":50,"margin_mobile":{"unit":"px","top":"0","right":"0","bottom":"10","left":"0","isLinked":false}},"elements":[{"id":"2e07e30a","settings":{"image":{"url":"https:\/\/demo.bosathemes.com\/bosa\/charity-02\/wp-content\/uploads\/sites\/43\/2021\/04\/bosa-charity-img7.jpg","id":43},"image_border_radius":{"unit":"px","top":"20","right":"20","bottom":"20","left":"20","isLinked":true}},"elements":[],"isInner":false,"widgetType":"image","elType":"widget"},{"id":"2b8f4ffd","settings":{"gap":"no","margin":{"unit":"px","top":"-120","right":0,"bottom":"0","left":0,"isLinked":false},"z_index":1},"elements":[{"id":"4b769c80","settings":{"_column_size":100,"_inline_size":null,"background_background":"classic","background_color":"#FFFFFF","border_radius":{"unit":"px","top":"10","right":"10","bottom":"10","left":"10","isLinked":true},"box_shadow_box_shadow_type":"yes","box_shadow_box_shadow":{"horizontal":0,"vertical":0,"blur":25,"spread":0,"color":"rgba(0, 0, 0, 0.08)"},"margin":{"unit":"px","top":"0","right":"15","bottom":"0","left":"15","isLinked":false},"padding":{"unit":"px","top":"5","right":"5","bottom":"5","left":"5","isLinked":true}},"elements":[{"id":"37e72e32","settings":{"structure":"20","border_border":"solid","border_width":{"unit":"px","top":"1","right":"1","bottom":"1","left":"1","isLinked":true},"border_color":"#FFA02621","border_radius":{"unit":"px","top":"10","right":"10","bottom":"10","left":"10","isLinked":true},"padding":{"unit":"px","top":"25","right":"15","bottom":"25","left":"15","isLinked":false}},"elements":[{"id":"3ef70277","settings":{"_column_size":50,"_inline_size":80,"content_position":"center"},"elements":[{"id":"13987d2","settings":{"title":"volunteer","subtitle":"<a href=\"#\">jenny white<\/a>","alignment":"left","title_typography_font_family":"Poppins","title_typography_font_size":{"unit":"px","size":15,"sizes":[]},"title_typography_font_weight":"500","title_typography_text_transform":"uppercase","title_typography_line_height":{"unit":"px","size":"","sizes":[]},"title_color_color":"#FFA026","title_margin":{"unit":"px","top":"0","right":"0","bottom":"8","left":"0","isLinked":false},"subtitle_typography_font_family":"Playfair Display","subtitle_typography_font_size":{"unit":"px","size":23,"sizes":[]},"subtitle_typography_font_weight":"900","subtitle_typography_text_transform":"capitalize","subtitle_typography_line_height":{"unit":"em","size":1.1999999999999999555910790149937383830547332763671875,"sizes":[]},"subtitle_color_color":"#25283A","desc":"Esse sociosqu! Nec leo laboriosam molestias. Felis eligen disu scipit.","subtitle_margin":{"unit":"px","top":"0","right":"0","bottom":"10","left":"0","isLinked":false},"desc_typography_font_family":"Poppins","desc_typography_font_size":{"unit":"px","size":15,"sizes":[]},"desc_typography_font_weight":"300","desc_typography_line_height":{"unit":"px","size":"","sizes":[]},"subtitle_typography_font_size_mobile":{"unit":"px","size":20,"sizes":[]}},"elements":[],"isInner":false,"widgetType":"sina_title","elType":"widget"}],"isInner":true,"elType":"column"},{"id":"697042fa","settings":{"_column_size":50,"_inline_size":19.998000000000001108446667785756289958953857421875,"content_position":"center"},"elements":[{"id":"350cf4de","settings":{"social_icons":[{"icon":"icofont icofont-facebook","link":{"url":"#"},"social_name":"Facebook","_id":"f58404e"},{"icon":"icofont icofont-twitter","link":{"url":"#"},"social_name":"Twitter","_id":"e0c81c7"},{"icon":"icofont icofont-instagram","link":{"url":"#"},"social_name":"instagram","_id":"0727742"}],"display":"block","font_size":{"unit":"px","size":14,"sizes":[]},"icon_width":{"unit":"px","size":35,"sizes":[]},"icon_height":{"unit":"px","size":35,"sizes":[]},"font_line_height":{"unit":"px","size":35,"sizes":[]},"social_icon_color":"#FFA026","social_icon_bg_color":"#1085E400","social_icon_border_border":"solid","social_icon_border_width":{"unit":"px","top":"1","right":"1","bottom":"1","left":"1","isLinked":true},"social_icon_border_color":"#FFA026","social_icon_hover_color":"#FFFFFF","social_icon_hover_bg_color":"#D97A00","social_icon_hover_border":"#D97A00","alignment":"right","btn_bg_layer_color_color":"#D97A00","display_mobile":"inline-block","icon_margin_mobile":{"unit":"px","top":"20","right":"4","bottom":"0","left":"0","isLinked":false},"alignment_mobile":"left"},"elements":[],"isInner":false,"widgetType":"sina_social_icons","elType":"widget"}],"isInner":true,"elType":"column"}],"isInner":true,"elType":"section"}],"isInner":true,"elType":"column"}],"isInner":true,"elType":"section"}],"isInner":true,"elType":"column"},{"id":"5b416bef","settings":{"_column_size":33,"_inline_size":null,"margin":{"unit":"px","top":"8","right":"8","bottom":"8","left":"8","isLinked":true},"_inline_size_tablet":50,"margin_mobile":{"unit":"px","top":"0","right":"0","bottom":"10","left":"0","isLinked":false}},"elements":[{"id":"72387e18","settings":{"image":{"url":"https:\/\/demo.bosathemes.com\/bosa\/charity-02\/wp-content\/uploads\/sites\/43\/2021\/04\/bosa-charity-img8.jpg","id":42},"image_border_radius":{"unit":"px","top":"20","right":"20","bottom":"20","left":"20","isLinked":true}},"elements":[],"isInner":false,"widgetType":"image","elType":"widget"},{"id":"276aadf9","settings":{"gap":"no","margin":{"unit":"px","top":"-120","right":0,"bottom":"0","left":0,"isLinked":false},"z_index":1},"elements":[{"id":"26b42b6e","settings":{"_column_size":100,"_inline_size":null,"background_background":"classic","background_color":"#FFFFFF","border_radius":{"unit":"px","top":"10","right":"10","bottom":"10","left":"10","isLinked":true},"box_shadow_box_shadow_type":"yes","box_shadow_box_shadow":{"horizontal":0,"vertical":0,"blur":25,"spread":0,"color":"rgba(0, 0, 0, 0.08)"},"margin":{"unit":"px","top":"0","right":"15","bottom":"0","left":"15","isLinked":false},"padding":{"unit":"px","top":"5","right":"5","bottom":"5","left":"5","isLinked":true}},"elements":[{"id":"ac95ec6","settings":{"structure":"20","border_border":"solid","border_width":{"unit":"px","top":"1","right":"1","bottom":"1","left":"1","isLinked":true},"border_color":"#FFA02621","border_radius":{"unit":"px","top":"10","right":"10","bottom":"10","left":"10","isLinked":true},"padding":{"unit":"px","top":"25","right":"15","bottom":"25","left":"15","isLinked":false}},"elements":[{"id":"1f6a8056","settings":{"_column_size":50,"_inline_size":80,"content_position":"center"},"elements":[{"id":"6bb804a","settings":{"title":"volunteer","subtitle":"<a href=\"#\">james smith<\/a>","alignment":"left","title_typography_font_family":"Poppins","title_typography_font_size":{"unit":"px","size":15,"sizes":[]},"title_typography_font_weight":"500","title_typography_text_transform":"uppercase","title_typography_line_height":{"unit":"px","size":"","sizes":[]},"title_color_color":"#FFA026","title_margin":{"unit":"px","top":"0","right":"0","bottom":"8","left":"0","isLinked":false},"subtitle_typography_font_family":"Playfair Display","subtitle_typography_font_size":{"unit":"px","size":23,"sizes":[]},"subtitle_typography_font_weight":"900","subtitle_typography_text_transform":"capitalize","subtitle_typography_line_height":{"unit":"em","size":1.1999999999999999555910790149937383830547332763671875,"sizes":[]},"subtitle_color_color":"#25283A","desc":"Esse sociosqu! Nec leo laboriosam molestias. Felis eligen disu scipit.","subtitle_margin":{"unit":"px","top":"0","right":"0","bottom":"10","left":"0","isLinked":false},"desc_typography_font_family":"Poppins","desc_typography_font_size":{"unit":"px","size":15,"sizes":[]},"desc_typography_font_weight":"300","desc_typography_line_height":{"unit":"px","size":"","sizes":[]},"subtitle_typography_font_size_mobile":{"unit":"px","size":20,"sizes":[]}},"elements":[],"isInner":false,"widgetType":"sina_title","elType":"widget"}],"isInner":true,"elType":"column"},{"id":"82fa7e2","settings":{"_column_size":50,"_inline_size":19.998000000000001108446667785756289958953857421875,"content_position":"center"},"elements":[{"id":"2fbbbb48","settings":{"social_icons":[{"icon":"icofont icofont-facebook","link":{"url":"#"},"social_name":"Facebook","_id":"f58404e"},{"icon":"icofont icofont-twitter","link":{"url":"#"},"social_name":"Twitter","_id":"e0c81c7"},{"icon":"icofont icofont-instagram","link":{"url":"#"},"social_name":"instagram","_id":"0727742"}],"display":"block","font_size":{"unit":"px","size":14,"sizes":[]},"icon_width":{"unit":"px","size":35,"sizes":[]},"icon_height":{"unit":"px","size":35,"sizes":[]},"font_line_height":{"unit":"px","size":35,"sizes":[]},"social_icon_color":"#FFA026","social_icon_bg_color":"#1085E400","social_icon_border_border":"solid","social_icon_border_width":{"unit":"px","top":"1","right":"1","bottom":"1","left":"1","isLinked":true},"social_icon_border_color":"#FFA026","social_icon_hover_color":"#FFFFFF","social_icon_hover_bg_color":"#D97A00","social_icon_hover_border":"#D97A00","alignment":"right","btn_bg_layer_color_color":"#D97A00","display_mobile":"inline-block","icon_margin_mobile":{"unit":"px","top":"20","right":"4","bottom":"0","left":"0","isLinked":false},"alignment_mobile":"left"},"elements":[],"isInner":false,"widgetType":"sina_social_icons","elType":"widget"}],"isInner":true,"elType":"column"}],"isInner":true,"elType":"section"}],"isInner":true,"elType":"column"}],"isInner":true,"elType":"section"}],"isInner":true,"elType":"column"}],"isInner":true,"elType":"section"},{"id":"f695f7c","settings":{"structure":"30","padding":{"unit":"px","top":"20","right":"0","bottom":"0","left":"0","isLinked":false},"padding_tablet":{"unit":"px","top":"0","right":"0","bottom":"0","left":"0","isLinked":false}},"elements":[{"id":"10c6efac","settings":{"_column_size":33,"_inline_size":null,"margin":{"unit":"px","top":"8","right":"8","bottom":"8","left":"8","isLinked":true},"_inline_size_tablet":50,"margin_mobile":{"unit":"px","top":"0","right":"0","bottom":"10","left":"0","isLinked":false}},"elements":[{"id":"4b1d6f77","settings":{"image":{"url":"https:\/\/demo.bosathemes.com\/bosa\/charity-02\/wp-content\/uploads\/sites\/43\/2021\/04\/bosa-charity-img13.jpg","id":37},"image_border_radius":{"unit":"px","top":"20","right":"20","bottom":"20","left":"20","isLinked":true}},"elements":[],"isInner":false,"widgetType":"image","elType":"widget"},{"id":"36fb10d0","settings":{"gap":"no","margin":{"unit":"px","top":"-120","right":0,"bottom":"0","left":0,"isLinked":false},"z_index":1},"elements":[{"id":"5374d1d0","settings":{"_column_size":100,"_inline_size":null,"background_background":"classic","background_color":"#FFFFFF","border_radius":{"unit":"px","top":"10","right":"10","bottom":"10","left":"10","isLinked":true},"box_shadow_box_shadow_type":"yes","box_shadow_box_shadow":{"horizontal":0,"vertical":0,"blur":25,"spread":0,"color":"rgba(0, 0, 0, 0.08)"},"margin":{"unit":"px","top":"0","right":"15","bottom":"0","left":"15","isLinked":false},"padding":{"unit":"px","top":"5","right":"5","bottom":"5","left":"5","isLinked":true}},"elements":[{"id":"2db8fab3","settings":{"structure":"20","border_border":"solid","border_width":{"unit":"px","top":"1","right":"1","bottom":"1","left":"1","isLinked":true},"border_color":"#FFA02621","border_radius":{"unit":"px","top":"10","right":"10","bottom":"10","left":"10","isLinked":true},"padding":{"unit":"px","top":"25","right":"15","bottom":"25","left":"15","isLinked":false}},"elements":[{"id":"42d91f35","settings":{"_column_size":50,"_inline_size":80,"content_position":"center"},"elements":[{"id":"2f1e7c8a","settings":{"title":"Director","subtitle":"<a href=\"#\">Jane Housten<\/a>","alignment":"left","title_typography_font_family":"Poppins","title_typography_font_size":{"unit":"px","size":15,"sizes":[]},"title_typography_font_weight":"500","title_typography_text_transform":"uppercase","title_typography_line_height":{"unit":"px","size":"","sizes":[]},"title_color_color":"#FFA026","title_margin":{"unit":"px","top":"0","right":"0","bottom":"8","left":"0","isLinked":false},"subtitle_typography_font_family":"Playfair Display","subtitle_typography_font_size":{"unit":"px","size":23,"sizes":[]},"subtitle_typography_font_weight":"900","subtitle_typography_text_transform":"capitalize","subtitle_typography_line_height":{"unit":"em","size":1.1999999999999999555910790149937383830547332763671875,"sizes":[]},"subtitle_color_color":"#25283A","desc":"Esse sociosqu! Nec leo laboriosam molestias. Felis eligen disu scipit.","subtitle_margin":{"unit":"px","top":"0","right":"0","bottom":"10","left":"0","isLinked":false},"desc_typography_font_family":"Poppins","desc_typography_font_size":{"unit":"px","size":15,"sizes":[]},"desc_typography_font_weight":"300","desc_typography_line_height":{"unit":"px","size":"","sizes":[]},"subtitle_typography_font_size_mobile":{"unit":"px","size":20,"sizes":[]}},"elements":[],"isInner":false,"widgetType":"sina_title","elType":"widget"}],"isInner":true,"elType":"column"},{"id":"55c017dd","settings":{"_column_size":50,"_inline_size":19.998000000000001108446667785756289958953857421875,"content_position":"center"},"elements":[{"id":"23aaae9b","settings":{"social_icons":[{"icon":"icofont icofont-facebook","link":{"url":"#"},"social_name":"Facebook","_id":"f58404e"},{"icon":"icofont icofont-twitter","link":{"url":"#"},"social_name":"Twitter","_id":"e0c81c7"},{"icon":"icofont icofont-instagram","link":{"url":"#"},"social_name":"instagram","_id":"0727742"}],"display":"block","font_size":{"unit":"px","size":14,"sizes":[]},"icon_width":{"unit":"px","size":35,"sizes":[]},"icon_height":{"unit":"px","size":35,"sizes":[]},"font_line_height":{"unit":"px","size":35,"sizes":[]},"social_icon_color":"#FFA026","social_icon_bg_color":"#1085E400","social_icon_border_border":"solid","social_icon_border_width":{"unit":"px","top":"1","right":"1","bottom":"1","left":"1","isLinked":true},"social_icon_border_color":"#FFA026","social_icon_hover_color":"#FFFFFF","social_icon_hover_bg_color":"#D97A00","social_icon_hover_border":"#D97A00","alignment":"right","btn_bg_layer_color_color":"#D97A00","display_mobile":"inline-block","icon_margin_mobile":{"unit":"px","top":"20","right":"4","bottom":"0","left":"0","isLinked":false},"alignment_mobile":"left"},"elements":[],"isInner":false,"widgetType":"sina_social_icons","elType":"widget"}],"isInner":true,"elType":"column"}],"isInner":true,"elType":"section"}],"isInner":true,"elType":"column"}],"isInner":true,"elType":"section"}],"isInner":true,"elType":"column"},{"id":"2460d001","settings":{"_column_size":33,"_inline_size":null,"margin":{"unit":"px","top":"8","right":"8","bottom":"8","left":"8","isLinked":true},"_inline_size_tablet":50,"margin_mobile":{"unit":"px","top":"0","right":"0","bottom":"10","left":"0","isLinked":false}},"elements":[{"id":"6d8606b3","settings":{"image":{"url":"https:\/\/demo.bosathemes.com\/bosa\/charity-02\/wp-content\/uploads\/sites\/43\/2021\/04\/bosa-charity-img12.jpg","id":38},"image_border_radius":{"unit":"px","top":"20","right":"20","bottom":"20","left":"20","isLinked":true}},"elements":[],"isInner":false,"widgetType":"image","elType":"widget"},{"id":"ad625cc","settings":{"gap":"no","margin":{"unit":"px","top":"-120","right":0,"bottom":"0","left":0,"isLinked":false},"z_index":1},"elements":[{"id":"79aea296","settings":{"_column_size":100,"_inline_size":null,"background_background":"classic","background_color":"#FFFFFF","border_radius":{"unit":"px","top":"10","right":"10","bottom":"10","left":"10","isLinked":true},"box_shadow_box_shadow_type":"yes","box_shadow_box_shadow":{"horizontal":0,"vertical":0,"blur":25,"spread":0,"color":"rgba(0, 0, 0, 0.08)"},"margin":{"unit":"px","top":"0","right":"15","bottom":"0","left":"15","isLinked":false},"padding":{"unit":"px","top":"5","right":"5","bottom":"5","left":"5","isLinked":true}},"elements":[{"id":"7737980f","settings":{"structure":"20","border_border":"solid","border_width":{"unit":"px","top":"1","right":"1","bottom":"1","left":"1","isLinked":true},"border_color":"#FFA02621","border_radius":{"unit":"px","top":"10","right":"10","bottom":"10","left":"10","isLinked":true},"padding":{"unit":"px","top":"25","right":"15","bottom":"25","left":"15","isLinked":false}},"elements":[{"id":"2618b026","settings":{"_column_size":50,"_inline_size":80,"content_position":"center"},"elements":[{"id":"155eb30","settings":{"title":"volunteer","subtitle":"<a href=\"#\">William Barkley<\/a>","alignment":"left","title_typography_font_family":"Poppins","title_typography_font_size":{"unit":"px","size":15,"sizes":[]},"title_typography_font_weight":"500","title_typography_text_transform":"uppercase","title_typography_line_height":{"unit":"px","size":"","sizes":[]},"title_color_color":"#FFA026","title_margin":{"unit":"px","top":"0","right":"0","bottom":"8","left":"0","isLinked":false},"subtitle_typography_font_family":"Playfair Display","subtitle_typography_font_size":{"unit":"px","size":23,"sizes":[]},"subtitle_typography_font_weight":"900","subtitle_typography_text_transform":"capitalize","subtitle_typography_line_height":{"unit":"em","size":1.1999999999999999555910790149937383830547332763671875,"sizes":[]},"subtitle_color_color":"#25283A","desc":"Esse sociosqu! Nec leo laboriosam molestias. Felis eligen disu scipit.","subtitle_margin":{"unit":"px","top":"0","right":"0","bottom":"10","left":"0","isLinked":false},"desc_typography_font_family":"Poppins","desc_typography_font_size":{"unit":"px","size":15,"sizes":[]},"desc_typography_font_weight":"300","desc_typography_line_height":{"unit":"px","size":"","sizes":[]},"subtitle_typography_font_size_mobile":{"unit":"px","size":20,"sizes":[]}},"elements":[],"isInner":false,"widgetType":"sina_title","elType":"widget"}],"isInner":true,"elType":"column"},{"id":"ed75015","settings":{"_column_size":50,"_inline_size":19.998000000000001108446667785756289958953857421875,"content_position":"center"},"elements":[{"id":"46eed678","settings":{"social_icons":[{"icon":"icofont icofont-facebook","link":{"url":"#"},"social_name":"Facebook","_id":"f58404e"},{"icon":"icofont icofont-twitter","link":{"url":"#"},"social_name":"Twitter","_id":"e0c81c7"},{"icon":"icofont icofont-instagram","link":{"url":"#"},"social_name":"instagram","_id":"0727742"}],"display":"block","font_size":{"unit":"px","size":14,"sizes":[]},"icon_width":{"unit":"px","size":35,"sizes":[]},"icon_height":{"unit":"px","size":35,"sizes":[]},"font_line_height":{"unit":"px","size":35,"sizes":[]},"social_icon_color":"#FFA026","social_icon_bg_color":"#1085E400","social_icon_border_border":"solid","social_icon_border_width":{"unit":"px","top":"1","right":"1","bottom":"1","left":"1","isLinked":true},"social_icon_border_color":"#FFA026","social_icon_hover_color":"#FFFFFF","social_icon_hover_bg_color":"#D97A00","social_icon_hover_border":"#D97A00","alignment":"right","btn_bg_layer_color_color":"#D97A00","display_mobile":"inline-block","icon_margin_mobile":{"unit":"px","top":"20","right":"4","bottom":"0","left":"0","isLinked":false},"alignment_mobile":"left"},"elements":[],"isInner":false,"widgetType":"sina_social_icons","elType":"widget"}],"isInner":true,"elType":"column"}],"isInner":true,"elType":"section"}],"isInner":true,"elType":"column"}],"isInner":true,"elType":"section"}],"isInner":true,"elType":"column"},{"id":"73ea48be","settings":{"_column_size":33,"_inline_size":null,"margin":{"unit":"px","top":"8","right":"8","bottom":"8","left":"8","isLinked":true},"_inline_size_tablet":50,"margin_mobile":{"unit":"px","top":"0","right":"0","bottom":"10","left":"0","isLinked":false}},"elements":[{"id":"67bac45d","settings":{"image":{"url":"https:\/\/demo.bosathemes.com\/bosa\/charity-02\/wp-content\/uploads\/sites\/43\/2021\/04\/bosa-charity-img14.jpg","id":36},"image_border_radius":{"unit":"px","top":"20","right":"20","bottom":"20","left":"20","isLinked":true}},"elements":[],"isInner":false,"widgetType":"image","elType":"widget"},{"id":"4b492ec2","settings":{"gap":"no","margin":{"unit":"px","top":"-120","right":0,"bottom":"0","left":0,"isLinked":false},"z_index":1},"elements":[{"id":"6c8e4892","settings":{"_column_size":100,"_inline_size":null,"background_background":"classic","background_color":"#FFFFFF","border_radius":{"unit":"px","top":"10","right":"10","bottom":"10","left":"10","isLinked":true},"box_shadow_box_shadow_type":"yes","box_shadow_box_shadow":{"horizontal":0,"vertical":0,"blur":25,"spread":0,"color":"rgba(0, 0, 0, 0.08)"},"margin":{"unit":"px","top":"0","right":"15","bottom":"0","left":"15","isLinked":false},"padding":{"unit":"px","top":"5","right":"5","bottom":"5","left":"5","isLinked":true}},"elements":[{"id":"14b948cb","settings":{"structure":"20","border_border":"solid","border_width":{"unit":"px","top":"1","right":"1","bottom":"1","left":"1","isLinked":true},"border_color":"#FFA02621","border_radius":{"unit":"px","top":"10","right":"10","bottom":"10","left":"10","isLinked":true},"padding":{"unit":"px","top":"25","right":"15","bottom":"25","left":"15","isLinked":false}},"elements":[{"id":"6f5cda26","settings":{"_column_size":50,"_inline_size":80,"content_position":"center"},"elements":[{"id":"298fe91d","settings":{"title":"volunteer","subtitle":"<a href=\"#\">Sally Watson<\/a>","alignment":"left","title_typography_font_family":"Poppins","title_typography_font_size":{"unit":"px","size":15,"sizes":[]},"title_typography_font_weight":"500","title_typography_text_transform":"uppercase","title_typography_line_height":{"unit":"px","size":"","sizes":[]},"title_color_color":"#FFA026","title_margin":{"unit":"px","top":"0","right":"0","bottom":"8","left":"0","isLinked":false},"subtitle_typography_font_family":"Playfair Display","subtitle_typography_font_size":{"unit":"px","size":23,"sizes":[]},"subtitle_typography_font_weight":"900","subtitle_typography_text_transform":"capitalize","subtitle_typography_line_height":{"unit":"em","size":1.1999999999999999555910790149937383830547332763671875,"sizes":[]},"subtitle_color_color":"#25283A","desc":"Esse sociosqu! Nec leo laboriosam molestias. Felis eligen disu scipit.","subtitle_margin":{"unit":"px","top":"0","right":"0","bottom":"10","left":"0","isLinked":false},"desc_typography_font_family":"Poppins","desc_typography_font_size":{"unit":"px","size":15,"sizes":[]},"desc_typography_font_weight":"300","desc_typography_line_height":{"unit":"px","size":"","sizes":[]},"subtitle_typography_font_size_mobile":{"unit":"px","size":20,"sizes":[]}},"elements":[],"isInner":false,"widgetType":"sina_title","elType":"widget"}],"isInner":true,"elType":"column"},{"id":"74e42b68","settings":{"_column_size":50,"_inline_size":19.998000000000001108446667785756289958953857421875,"content_position":"center"},"elements":[{"id":"3ce81fae","settings":{"social_icons":[{"icon":"icofont icofont-facebook","link":{"url":"#"},"social_name":"Facebook","_id":"f58404e"},{"icon":"icofont icofont-twitter","link":{"url":"#"},"social_name":"Twitter","_id":"e0c81c7"},{"icon":"icofont icofont-instagram","link":{"url":"#"},"social_name":"instagram","_id":"0727742"}],"display":"block","font_size":{"unit":"px","size":14,"sizes":[]},"icon_width":{"unit":"px","size":35,"sizes":[]},"icon_height":{"unit":"px","size":35,"sizes":[]},"font_line_height":{"unit":"px","size":35,"sizes":[]},"social_icon_color":"#FFA026","social_icon_bg_color":"#1085E400","social_icon_border_border":"solid","social_icon_border_width":{"unit":"px","top":"1","right":"1","bottom":"1","left":"1","isLinked":true},"social_icon_border_color":"#FFA026","social_icon_hover_color":"#FFFFFF","social_icon_hover_bg_color":"#D97A00","social_icon_hover_border":"#D97A00","alignment":"right","btn_bg_layer_color_color":"#D97A00","display_mobile":"inline-block","icon_margin_mobile":{"unit":"px","top":"20","right":"4","bottom":"0","left":"0","isLinked":false},"alignment_mobile":"left"},"elements":[],"isInner":false,"widgetType":"sina_social_icons","elType":"widget"}],"isInner":true,"elType":"column"}],"isInner":true,"elType":"section"}],"isInner":true,"elType":"column"}],"isInner":true,"elType":"section"}],"isInner":true,"elType":"column"}],"isInner":true,"elType":"section"}],"isInner":false,"elType":"column"}],"isInner":false,"elType":"section"},{"id":"6c29f42e","settings":{"structure":"20","background_background":"classic","background_image":{"url":"https:\/\/demo.bosathemes.com\/bosa\/charity-02\/wp-content\/uploads\/sites\/43\/2021\/04\/bosa-charity-img1.jpg","id":54},"background_position":"top center","background_repeat":"no-repeat","background_size":"cover","background_overlay_background":"classic","background_overlay_color":"#000000","background_overlay_opacity":{"unit":"px","size":0.59999999999999997779553950749686919152736663818359375,"sizes":[]},"padding":{"unit":"px","top":"120","right":"0","bottom":"120","left":"0","isLinked":false},"padding_tablet":{"unit":"px","top":"100","right":"30","bottom":"110","left":"30","isLinked":false},"padding_mobile":{"unit":"px","top":"70","right":"10","bottom":"90","left":"10","isLinked":false}},"elements":[{"id":"3ee6c0eb","settings":{"_column_size":50,"_inline_size":50,"_inline_size_tablet":100,"content_position":"center","padding":{"unit":"px","top":"0","right":"30","bottom":"0","left":"0","isLinked":false}},"elements":[{"id":"9c63cd5","settings":{"title":"join with us","subtitle":"take one step further to become a proud volunteer!","alignment":"left","title_typography_font_family":"Poppins","title_typography_font_size":{"unit":"px","size":16,"sizes":[]},"title_typography_text_transform":"uppercase","title_typography_line_height":{"unit":"px","size":"","sizes":[]},"title_color_color":"#FFA026","subtitle_typography_font_family":"Playfair Display","subtitle_typography_font_size":{"unit":"px","size":46,"sizes":[]},"subtitle_typography_font_weight":"900","subtitle_typography_text_transform":"capitalize","subtitle_typography_line_height":{"unit":"em","size":1.1999999999999999555910790149937383830547332763671875,"sizes":[]},"subtitle_color_color":"#FFFFFF","desc":"Senectus elementum fugiat non exercitationem ullamco, asperiores occaecat placerat maxime laboriosam tortor voluptates, aenean torquent voluptas pharetra diam.","subtitle_typography_font_size_tablet":{"unit":"px","size":35,"sizes":[]},"subtitle_typography_font_size_mobile":{"unit":"px","size":28,"sizes":[]},"subtitle_margin":{"unit":"px","top":"0","right":"0","bottom":"15","left":"0","isLinked":false},"desc_color":"#FFFFFF"},"elements":[],"isInner":false,"widgetType":"sina_title","elType":"widget"}],"isInner":false,"elType":"column"},{"id":"64ba1c73","settings":{"_column_size":50,"_inline_size":50,"content_position":"center","_inline_size_tablet":100,"background_background":"classic","background_overlay_background":"classic","background_overlay_color":"#FFA026","background_overlay_opacity":{"unit":"px","size":0.40000000000000002220446049250313080847263336181640625,"sizes":[]},"border_radius":{"unit":"px","top":"15","right":"15","bottom":"15","left":"15","isLinked":true},"padding":{"unit":"px","top":"60","right":"30","bottom":"60","left":"30","isLinked":false},"padding_mobile":{"unit":"px","top":"40","right":"20","bottom":"40","left":"20","isLinked":false},"margin_tablet":{"unit":"px","top":"30","right":"0","bottom":"0","left":"0","isLinked":false}},"elements":[{"id":"8ce97b","settings":{"shortcode":"[contact-form-7 id=\"6\" title=\"Contact form 1\"]","_element_id":"bosa-ngo-callback-form"},"elements":[],"isInner":false,"widgetType":"shortcode","elType":"widget"}],"isInner":false,"elType":"column"}],"isInner":false,"elType":"section"}],"page_settings":[],"version":"0.4","title":"Volunteer","type":"page"}